CREATE DATABASE  IF NOT EXISTS `namaa` /*!40100 DEFAULT CHARACTER SET latin1 */;
USE `namaa`;
-- MySQL dump 10.13  Distrib 5.6.19, for osx10.7 (i386)
--
-- Host: 127.0.0.1    Database: namaa
-- ------------------------------------------------------
-- Server version	5.6.21

/*!40101 SET @OLD_CHARACTER_SET_CLIENT=@@CHARACTER_SET_CLIENT */;
/*!40101 SET @OLD_CHARACTER_SET_RESULTS=@@CHARACTER_SET_RESULTS */;
/*!40101 SET @OLD_COLLATION_CONNECTION=@@COLLATION_CONNECTION */;
/*!40101 SET NAMES utf8 */;
/*!40103 SET @OLD_TIME_ZONE=@@TIME_ZONE */;
/*!40103 SET TIME_ZONE='+00:00' */;
/*!40014 SET @OLD_UNIQUE_CHECKS=@@UNIQUE_CHECKS, UNIQUE_CHECKS=0 */;
/*!40014 SET @OLD_FOREIGN_KEY_CHECKS=@@FOREIGN_KEY_CHECKS, FOREIGN_KEY_CHECKS=0 */;
/*!40101 SET @OLD_SQL_MODE=@@SQL_MODE, SQL_MODE='NO_AUTO_VALUE_ON_ZERO' */;
/*!40111 SET @OLD_SQL_NOTES=@@SQL_NOTES, SQL_NOTES=0 */;

--
-- Table structure for table `DATABASECHANGELOG`
--

DROP TABLE IF EXISTS `DATABASECHANGELOG`;
/*!40101 SET @saved_cs_client     = @@character_set_client */;
/*!40101 SET character_set_client = utf8 */;
CREATE TABLE `DATABASECHANGELOG` (
  `ID` varchar(255) NOT NULL,
  `AUTHOR` varchar(255) NOT NULL,
  `FILENAME` varchar(255) NOT NULL,
  `DATEEXECUTED` datetime NOT NULL,
  `ORDEREXECUTED` int(11) NOT NULL,
  `EXECTYPE` varchar(10) NOT NULL,
  `MD5SUM` varchar(35) DEFAULT NULL,
  `DESCRIPTION` varchar(255) DEFAULT NULL,
  `COMMENTS` varchar(255) DEFAULT NULL,
  `TAG` varchar(255) DEFAULT NULL,
  `LIQUIBASE` varchar(20) DEFAULT NULL,
  `CONTEXTS` varchar(255) DEFAULT NULL,
  `LABELS` varchar(255) DEFAULT NULL
) ENGINE=InnoDB DEFAULT CHARSET=latin1;
/*!40101 SET character_set_client = @saved_cs_client */;

--
-- Dumping data for table `DATABASECHANGELOG`
--

LOCK TABLES `DATABASECHANGELOG` WRITE;
/*!40000 ALTER TABLE `DATABASECHANGELOG` DISABLE KEYS */;
INSERT INTO `DATABASECHANGELOG` VALUES ('00000000000001','jhipster','classpath:config/liquibase/changelog/00000000000000_initial_schema.xml','2015-09-08 15:30:12',1,'EXECUTED','7:6f8b16e01166e5004d9909209c06b873','createTable, createIndex (x2), createTable (x2), addPrimaryKey, createTable, addForeignKeyConstraint (x3), loadData, dropDefaultValue, loadData (x2), createTable (x2), addPrimaryKey, createIndex (x2), addForeignKeyConstraint','',NULL,'3.4.1',NULL,NULL),('20150826173318','jhipster','classpath:config/liquibase/changelog/20150826173318_added_entity_Fruit.xml','2015-09-08 15:30:12',2,'EXECUTED','7:8ef777c85a6b5e98595c3af2cd8f648b','createTable, addForeignKeyConstraint','',NULL,'3.4.1',NULL,NULL),('20150827090653','jhipster','classpath:config/liquibase/changelog/20150827090653_added_entity_Olive.xml','2015-09-08 15:30:12',3,'EXECUTED','7:d4843c0d2c2660cd77bf01b6c6dfda0f','createTable, addForeignKeyConstraint','',NULL,'3.4.1',NULL,NULL),('20150827090823','jhipster','classpath:config/liquibase/changelog/20150827090823_added_entity_Oil.xml','2015-09-08 15:30:12',4,'EXECUTED','7:e3f880b27abf14f62667d4f8d9ce5052','createTable, addForeignKeyConstraint','',NULL,'3.4.1',NULL,NULL),('20150827091018','jhipster','classpath:config/liquibase/changelog/20150827091018_added_entity_GrainType1.xml','2015-09-08 15:30:12',5,'EXECUTED','7:48dc5053a1c28d57aaf9fcce1e9bf183','createTable, addForeignKeyConstraint','',NULL,'3.4.1',NULL,NULL),('20150827091131','jhipster','classpath:config/liquibase/changelog/20150827091131_added_entity_GrainType2.xml','2015-09-08 15:30:12',6,'EXECUTED','7:1e144ff6d359f393bebd8e21f33acb65','createTable, addForeignKeyConstraint','',NULL,'3.4.1',NULL,NULL),('20150827091259','jhipster','classpath:config/liquibase/changelog/20150827091259_added_entity_GrainType3.xml','2015-09-08 15:30:13',7,'EXECUTED','7:7821b623469a3abdceca4485300348fb','createTable, addForeignKeyConstraint','',NULL,'3.4.1',NULL,NULL),('20150908115408','jhipster','classpath:config/liquibase/changelog/20150908115408_added_entity_User_Resource.xml','2015-09-08 15:30:13',8,'EXECUTED','7:f630cbb2f853a8edf921a5acb5a5e90a','createTable, addForeignKeyConstraint (x7)','',NULL,'3.4.1',NULL,NULL);
/*!40000 ALTER TABLE `DATABASECHANGELOG` ENABLE KEYS */;
UNLOCK TABLES;

--
-- Table structure for table `DATABASECHANGELOGLOCK`
--

DROP TABLE IF EXISTS `DATABASECHANGELOGLOCK`;
/*!40101 SET @saved_cs_client     = @@character_set_client */;
/*!40101 SET character_set_client = utf8 */;
CREATE TABLE `DATABASECHANGELOGLOCK` (
  `ID` int(11) NOT NULL,
  `LOCKED` bit(1) NOT NULL,
  `LOCKGRANTED` datetime DEFAULT NULL,
  `LOCKEDBY` varchar(255) DEFAULT NULL,
  PRIMARY KEY (`ID`)
) ENGINE=InnoDB DEFAULT CHARSET=latin1;
/*!40101 SET character_set_client = @saved_cs_client */;

--
-- Dumping data for table `DATABASECHANGELOGLOCK`
--

LOCK TABLES `DATABASECHANGELOGLOCK` WRITE;
/*!40000 ALTER TABLE `DATABASECHANGELOGLOCK` DISABLE KEYS */;
INSERT INTO `DATABASECHANGELOGLOCK` VALUES (1,'\0',NULL,NULL);
/*!40000 ALTER TABLE `DATABASECHANGELOGLOCK` ENABLE KEYS */;
UNLOCK TABLES;

--
-- Table structure for table `FRUIT`
--

DROP TABLE IF EXISTS `FRUIT`;
/*!40101 SET @saved_cs_client     = @@character_set_client */;
/*!40101 SET character_set_client = utf8 */;
CREATE TABLE `FRUIT` (
  `id` bigint(20) NOT NULL AUTO_INCREMENT,
  `grapes` double DEFAULT NULL,
  `dates` double DEFAULT NULL,
  `owner_id` bigint(20) DEFAULT NULL,
  PRIMARY KEY (`id`),
  KEY `fk_fruit_owner_id` (`owner_id`),
  CONSTRAINT `fk_fruit_owner_id` FOREIGN KEY (`owner_id`) REFERENCES `JHI_USER` (`id`)
) ENGINE=InnoDB AUTO_INCREMENT=26 DEFAULT CHARSET=latin1;
/*!40101 SET character_set_client = @saved_cs_client */;

--
-- Dumping data for table `FRUIT`
--

LOCK TABLES `FRUIT` WRITE;
/*!40000 ALTER TABLE `FRUIT` DISABLE KEYS */;
INSERT INTO `FRUIT` VALUES (25,900,460,5);
/*!40000 ALTER TABLE `FRUIT` ENABLE KEYS */;
UNLOCK TABLES;

--
-- Table structure for table `GRAINTYPE1`
--

DROP TABLE IF EXISTS `GRAINTYPE1`;
/*!40101 SET @saved_cs_client     = @@character_set_client */;
/*!40101 SET character_set_client = utf8 */;
CREATE TABLE `GRAINTYPE1` (
  `id` bigint(20) NOT NULL AUTO_INCREMENT,
  `spelt` double DEFAULT NULL,
  `corn` double DEFAULT NULL,
  `millet` double DEFAULT NULL,
  `owner_id` bigint(20) DEFAULT NULL,
  PRIMARY KEY (`id`),
  KEY `fk_graintype1_owner_id` (`owner_id`),
  CONSTRAINT `fk_graintype1_owner_id` FOREIGN KEY (`owner_id`) REFERENCES `JHI_USER` (`id`)
) ENGINE=InnoDB AUTO_INCREMENT=3 DEFAULT CHARSET=latin1;
/*!40101 SET character_set_client = @saved_cs_client */;

--
-- Dumping data for table `GRAINTYPE1`
--

LOCK TABLES `GRAINTYPE1` WRITE;
/*!40000 ALTER TABLE `GRAINTYPE1` DISABLE KEYS */;
INSERT INTO `GRAINTYPE1` VALUES (2,55,66,77,5);
/*!40000 ALTER TABLE `GRAINTYPE1` ENABLE KEYS */;
UNLOCK TABLES;

--
-- Table structure for table `GRAINTYPE2`
--

DROP TABLE IF EXISTS `GRAINTYPE2`;
/*!40101 SET @saved_cs_client     = @@character_set_client */;
/*!40101 SET character_set_client = utf8 */;
CREATE TABLE `GRAINTYPE2` (
  `id` bigint(20) NOT NULL AUTO_INCREMENT,
  `wheat` double DEFAULT NULL,
  `barley` double DEFAULT NULL,
  `owner_id` bigint(20) DEFAULT NULL,
  PRIMARY KEY (`id`),
  KEY `fk_graintype2_owner_id` (`owner_id`),
  CONSTRAINT `fk_graintype2_owner_id` FOREIGN KEY (`owner_id`) REFERENCES `JHI_USER` (`id`)
) ENGINE=InnoDB AUTO_INCREMENT=3 DEFAULT CHARSET=latin1;
/*!40101 SET character_set_client = @saved_cs_client */;

--
-- Dumping data for table `GRAINTYPE2`
--

LOCK TABLES `GRAINTYPE2` WRITE;
/*!40000 ALTER TABLE `GRAINTYPE2` DISABLE KEYS */;
INSERT INTO `GRAINTYPE2` VALUES (2,80,70,5);
/*!40000 ALTER TABLE `GRAINTYPE2` ENABLE KEYS */;
UNLOCK TABLES;

--
-- Table structure for table `GRAINTYPE3`
--

DROP TABLE IF EXISTS `GRAINTYPE3`;
/*!40101 SET @saved_cs_client     = @@character_set_client */;
/*!40101 SET character_set_client = utf8 */;
CREATE TABLE `GRAINTYPE3` (
  `id` bigint(20) NOT NULL AUTO_INCREMENT,
  `chickpeas` double DEFAULT NULL,
  `beans` double DEFAULT NULL,
  `cowpea` double DEFAULT NULL,
  `lathyrus` double DEFAULT NULL,
  `owner_id` bigint(20) DEFAULT NULL,
  PRIMARY KEY (`id`),
  KEY `fk_graintype3_owner_id` (`owner_id`),
  CONSTRAINT `fk_graintype3_owner_id` FOREIGN KEY (`owner_id`) REFERENCES `JHI_USER` (`id`)
) ENGINE=InnoDB AUTO_INCREMENT=4 DEFAULT CHARSET=latin1;
/*!40101 SET character_set_client = @saved_cs_client */;

--
-- Dumping data for table `GRAINTYPE3`
--

LOCK TABLES `GRAINTYPE3` WRITE;
/*!40000 ALTER TABLE `GRAINTYPE3` DISABLE KEYS */;
INSERT INTO `GRAINTYPE3` VALUES (2,60,50,40,30,5),(3,100,500,680,470,5);
/*!40000 ALTER TABLE `GRAINTYPE3` ENABLE KEYS */;
UNLOCK TABLES;

--
-- Table structure for table `JHI_AUTHORITY`
--

DROP TABLE IF EXISTS `JHI_AUTHORITY`;
/*!40101 SET @saved_cs_client     = @@character_set_client */;
/*!40101 SET character_set_client = utf8 */;
CREATE TABLE `JHI_AUTHORITY` (
  `name` varchar(50) NOT NULL,
  PRIMARY KEY (`name`)
) ENGINE=InnoDB DEFAULT CHARSET=latin1;
/*!40101 SET character_set_client = @saved_cs_client */;

--
-- Dumping data for table `JHI_AUTHORITY`
--

LOCK TABLES `JHI_AUTHORITY` WRITE;
/*!40000 ALTER TABLE `JHI_AUTHORITY` DISABLE KEYS */;
INSERT INTO `JHI_AUTHORITY` VALUES ('ROLE_ADMIN'),('ROLE_USER');
/*!40000 ALTER TABLE `JHI_AUTHORITY` ENABLE KEYS */;
UNLOCK TABLES;

--
-- Table structure for table `JHI_PERSISTENT_AUDIT_EVENT`
--

DROP TABLE IF EXISTS `JHI_PERSISTENT_AUDIT_EVENT`;
/*!40101 SET @saved_cs_client     = @@character_set_client */;
/*!40101 SET character_set_client = utf8 */;
CREATE TABLE `JHI_PERSISTENT_AUDIT_EVENT` (
  `event_id` bigint(20) NOT NULL AUTO_INCREMENT,
  `principal` varchar(255) NOT NULL,
  `event_date` timestamp NULL DEFAULT NULL,
  `event_type` varchar(255) DEFAULT NULL,
  PRIMARY KEY (`event_id`),
  KEY `idx_persistent_audit_event` (`principal`,`event_date`)
) ENGINE=InnoDB AUTO_INCREMENT=361 DEFAULT CHARSET=latin1;
/*!40101 SET character_set_client = @saved_cs_client */;

--
-- Dumping data for table `JHI_PERSISTENT_AUDIT_EVENT`
--

LOCK TABLES `JHI_PERSISTENT_AUDIT_EVENT` WRITE;
/*!40000 ALTER TABLE `JHI_PERSISTENT_AUDIT_EVENT` DISABLE KEYS */;
INSERT INTO `JHI_PERSISTENT_AUDIT_EVENT` VALUES (1,'anonymousUser','2015-09-08 14:30:52','AUTHORIZATION_FAILURE'),(2,'user','2015-09-08 14:31:01','AUTHENTICATION_SUCCESS'),(3,'user','2015-09-08 14:31:01','AUTHENTICATION_SUCCESS'),(4,'user','2015-09-08 14:31:01','AUTHENTICATION_SUCCESS'),(5,'anonymousUser','2015-09-08 14:33:12','AUTHORIZATION_FAILURE'),(6,'anonymousUser','2015-09-08 16:56:47','AUTHORIZATION_FAILURE'),(7,'anonymousUser','2015-09-08 16:56:47','AUTHORIZATION_FAILURE'),(8,'user','2015-09-08 16:57:00','AUTHENTICATION_SUCCESS'),(9,'user','2015-09-08 16:57:00','AUTHENTICATION_SUCCESS'),(10,'user','2015-09-08 16:57:00','AUTHENTICATION_SUCCESS'),(11,'anonymousUser','2015-09-08 17:28:26','AUTHORIZATION_FAILURE'),(12,'anonymousUser','2015-09-08 17:30:48','AUTHORIZATION_FAILURE'),(13,'anonymousUser','2015-09-08 17:31:19','AUTHORIZATION_FAILURE'),(14,'anonymousUser','2015-09-08 17:31:29','AUTHORIZATION_FAILURE'),(15,'mohamed','2015-09-08 17:31:49','AUTHENTICATION_SUCCESS'),(16,'mohamed','2015-09-08 17:31:49','AUTHENTICATION_SUCCESS'),(17,'mohamed','2015-09-08 17:31:49','AUTHENTICATION_SUCCESS'),(18,'anonymousUser','2015-09-08 18:06:56','AUTHORIZATION_FAILURE'),(19,'user','2015-09-08 18:07:03','AUTHENTICATION_SUCCESS'),(20,'user','2015-09-08 18:07:03','AUTHENTICATION_SUCCESS'),(21,'user','2015-09-08 18:07:03','AUTHENTICATION_SUCCESS'),(22,'anonymousUser','2015-09-08 18:07:10','AUTHORIZATION_FAILURE'),(23,'anonymousUser','2015-09-08 18:28:26','AUTHORIZATION_FAILURE'),(24,'anonymousUser','2015-09-08 18:28:38','AUTHORIZATION_FAILURE'),(25,'user','2015-09-08 18:28:50','AUTHENTICATION_SUCCESS'),(26,'user','2015-09-08 18:28:50','AUTHENTICATION_SUCCESS'),(27,'user','2015-09-08 18:28:50','AUTHENTICATION_SUCCESS'),(28,'anonymousUser','2015-09-08 18:29:00','AUTHORIZATION_FAILURE'),(29,'mohamed','2015-09-08 18:29:14','AUTHENTICATION_SUCCESS'),(30,'mohamed','2015-09-08 18:29:14','AUTHENTICATION_SUCCESS'),(31,'mohamed','2015-09-08 18:29:14','AUTHENTICATION_SUCCESS'),(32,'anonymousUser','2015-09-08 18:29:59','AUTHORIZATION_FAILURE'),(33,'anonymousUser','2015-09-08 18:35:22','AUTHORIZATION_FAILURE'),(34,'anonymousUser','2015-09-08 18:35:26','AUTHORIZATION_FAILURE'),(35,'mohamed','2015-09-08 18:35:39','AUTHENTICATION_SUCCESS'),(36,'mohamed','2015-09-08 18:35:39','AUTHENTICATION_SUCCESS'),(37,'mohamed','2015-09-08 18:35:39','AUTHENTICATION_SUCCESS'),(38,'mohamed','2015-09-08 20:48:15','AUTHENTICATION_SUCCESS'),(39,'mohamed','2015-09-09 07:28:45','AUTHENTICATION_SUCCESS'),(40,'mohamed','2015-09-09 07:42:17','AUTHENTICATION_SUCCESS'),(41,'mohamed','2015-09-09 07:45:32','AUTHENTICATION_SUCCESS'),(42,'mohamed','2015-09-09 07:49:47','AUTHENTICATION_SUCCESS'),(43,'mohamed','2015-09-09 07:55:18','AUTHENTICATION_SUCCESS'),(44,'mohamed','2015-09-09 09:56:21','AUTHENTICATION_SUCCESS'),(45,'anonymousUser','2015-09-09 10:07:31','AUTHORIZATION_FAILURE'),(46,'user','2015-09-09 10:07:43','AUTHENTICATION_SUCCESS'),(47,'user','2015-09-09 10:07:43','AUTHENTICATION_SUCCESS'),(48,'user','2015-09-09 10:07:43','AUTHENTICATION_SUCCESS'),(49,'anonymousUser','2015-09-09 10:07:43','AUTHORIZATION_FAILURE'),(50,'user','2015-09-09 10:07:54','AUTHENTICATION_SUCCESS'),(51,'user','2015-09-09 10:07:54','AUTHENTICATION_SUCCESS'),(52,'user','2015-09-09 10:07:54','AUTHENTICATION_SUCCESS'),(53,'anonymousUser','2015-09-09 10:08:31','AUTHORIZATION_FAILURE'),(54,'mohamed','2015-09-09 10:08:40','AUTHENTICATION_SUCCESS'),(55,'mohamed','2015-09-09 10:08:40','AUTHENTICATION_SUCCESS'),(56,'mohamed','2015-09-09 10:08:40','AUTHENTICATION_SUCCESS'),(57,'mohamed','2015-09-09 10:47:33','AUTHENTICATION_SUCCESS'),(58,'anonymousUser','2015-09-09 10:49:23','AUTHORIZATION_FAILURE'),(59,'admin','2015-09-09 10:49:31','AUTHENTICATION_SUCCESS'),(60,'admin','2015-09-09 10:49:31','AUTHENTICATION_SUCCESS'),(61,'admin','2015-09-09 10:49:31','AUTHENTICATION_SUCCESS'),(62,'anonymousUser','2015-09-09 10:52:03','AUTHORIZATION_FAILURE'),(63,'anonymousUser','2015-09-09 10:55:23','AUTHORIZATION_FAILURE'),(64,'anonymousUser','2015-09-09 10:56:34','AUTHORIZATION_FAILURE'),(65,'anonymousUser','2015-09-09 10:56:41','AUTHORIZATION_FAILURE'),(66,'anonymousUser','2015-09-09 10:56:47','AUTHORIZATION_FAILURE'),(67,'anonymousUser','2015-09-09 10:58:14','AUTHORIZATION_FAILURE'),(68,'mohamed','2015-09-09 10:58:24','AUTHENTICATION_SUCCESS'),(69,'mohamed','2015-09-09 10:58:24','AUTHENTICATION_SUCCESS'),(70,'mohamed','2015-09-09 10:58:24','AUTHENTICATION_SUCCESS'),(71,'anonymousUser','2015-09-09 10:58:51','AUTHORIZATION_FAILURE'),(72,'anonymousUser','2015-09-09 11:45:22','AUTHORIZATION_FAILURE'),(73,'anonymousUser','2015-09-09 11:45:29','AUTHORIZATION_FAILURE'),(74,'mohamed','2015-09-09 11:45:41','AUTHENTICATION_SUCCESS'),(75,'mohamed','2015-09-09 11:45:41','AUTHENTICATION_SUCCESS'),(76,'mohamed','2015-09-09 11:45:41','AUTHENTICATION_SUCCESS'),(77,'anonymousUser','2015-09-09 11:46:49','AUTHORIZATION_FAILURE'),(78,'anonymousUser','2015-09-09 13:18:52','AUTHORIZATION_FAILURE'),(79,'admin','2015-09-09 13:18:56','AUTHENTICATION_SUCCESS'),(80,'admin','2015-09-09 13:18:56','AUTHENTICATION_SUCCESS'),(81,'admin','2015-09-09 13:18:56','AUTHENTICATION_SUCCESS'),(82,'admin','2015-09-09 13:34:08','AUTHENTICATION_SUCCESS'),(83,'anonymousUser','2015-09-09 13:34:27','AUTHORIZATION_FAILURE'),(84,'anonymousUser','2015-09-09 13:34:42','AUTHORIZATION_FAILURE'),(85,'mohamed','2015-09-09 13:34:49','AUTHENTICATION_SUCCESS'),(86,'mohamed','2015-09-09 13:34:49','AUTHENTICATION_SUCCESS'),(87,'mohamed','2015-09-09 13:34:49','AUTHENTICATION_SUCCESS'),(88,'anonymousUser','2015-09-09 13:47:22','AUTHORIZATION_FAILURE'),(89,'mohamed','2015-09-09 13:48:05','AUTHENTICATION_SUCCESS'),(90,'mohamed','2015-09-09 13:48:05','AUTHENTICATION_SUCCESS'),(91,'mohamed','2015-09-09 13:48:05','AUTHENTICATION_SUCCESS'),(92,'mohamed','2015-09-09 14:26:50','AUTHENTICATION_SUCCESS'),(93,'anonymousUser','2015-09-09 14:30:05','AUTHORIZATION_FAILURE'),(94,'mohamed','2015-09-09 14:30:15','AUTHENTICATION_FAILURE'),(95,'anonymousUser','2015-09-09 14:30:15','AUTHORIZATION_FAILURE'),(96,'mohamed','2015-09-09 14:30:20','AUTHENTICATION_SUCCESS'),(97,'mohamed','2015-09-09 14:30:20','AUTHENTICATION_SUCCESS'),(98,'mohamed','2015-09-09 14:30:20','AUTHENTICATION_SUCCESS'),(99,'mohamed','2015-09-09 14:50:48','AUTHENTICATION_SUCCESS'),(100,'mohamed','2015-09-09 15:27:03','AUTHENTICATION_SUCCESS'),(101,'anonymousUser','2015-09-09 15:28:22','AUTHORIZATION_FAILURE'),(102,'mohamed','2015-09-09 15:28:37','AUTHENTICATION_FAILURE'),(103,'anonymousUser','2015-09-09 15:28:37','AUTHORIZATION_FAILURE'),(104,'mohamed','2015-09-09 15:28:42','AUTHENTICATION_SUCCESS'),(105,'mohamed','2015-09-09 15:28:42','AUTHENTICATION_SUCCESS'),(106,'mohamed','2015-09-09 15:28:42','AUTHENTICATION_SUCCESS'),(107,'anonymousUser','2015-09-09 15:41:44','AUTHORIZATION_FAILURE'),(108,'admin','2015-09-09 15:42:00','AUTHENTICATION_SUCCESS'),(109,'admin','2015-09-09 15:42:00','AUTHENTICATION_SUCCESS'),(110,'admin','2015-09-09 15:42:00','AUTHENTICATION_SUCCESS'),(111,'anonymousUser','2015-09-09 15:46:57','AUTHORIZATION_FAILURE'),(112,'anonymousUser','2015-09-09 15:48:36','AUTHORIZATION_FAILURE'),(113,'nacer','2015-09-09 15:48:45','AUTHENTICATION_SUCCESS'),(114,'nacer','2015-09-09 15:48:45','AUTHENTICATION_SUCCESS'),(115,'nacer','2015-09-09 15:48:45','AUTHENTICATION_SUCCESS'),(116,'anonymousUser','2015-09-09 15:49:09','AUTHORIZATION_FAILURE'),(117,'anonymousUser','2015-09-09 16:40:10','AUTHORIZATION_FAILURE'),(118,'mohamed','2015-09-09 16:40:20','AUTHENTICATION_SUCCESS'),(119,'mohamed','2015-09-09 16:40:20','AUTHENTICATION_SUCCESS'),(120,'mohamed','2015-09-09 16:40:20','AUTHENTICATION_SUCCESS'),(121,'mohamed','2015-09-09 17:24:07','AUTHENTICATION_SUCCESS'),(122,'anonymousUser','2015-09-17 09:52:03','AUTHORIZATION_FAILURE'),(123,'mohamed','2015-09-17 09:52:17','AUTHENTICATION_SUCCESS'),(124,'mohamed','2015-09-17 09:52:17','AUTHENTICATION_SUCCESS'),(125,'mohamed','2015-09-17 09:52:17','AUTHENTICATION_SUCCESS'),(126,'mohamed','2015-09-17 09:59:03','AUTHENTICATION_SUCCESS'),(127,'anonymousUser','2015-09-17 09:59:46','AUTHORIZATION_FAILURE'),(128,'anonymousUser','2015-09-17 09:59:49','AUTHORIZATION_FAILURE'),(129,'anonymousUser','2015-09-17 09:59:56','AUTHORIZATION_FAILURE'),(130,'user','2015-09-17 10:00:04','AUTHENTICATION_SUCCESS'),(131,'user','2015-09-17 10:00:04','AUTHENTICATION_SUCCESS'),(132,'user','2015-09-17 10:00:04','AUTHENTICATION_SUCCESS'),(133,'anonymousUser','2015-09-17 10:01:58','AUTHORIZATION_FAILURE'),(134,'anonymousUser','2015-09-17 10:02:09','AUTHORIZATION_FAILURE'),(135,'anonymousUser','2015-09-17 10:02:43','AUTHORIZATION_FAILURE'),(136,'mohamed','2015-09-17 10:02:56','AUTHENTICATION_SUCCESS'),(137,'mohamed','2015-09-17 10:02:57','AUTHENTICATION_SUCCESS'),(138,'mohamed','2015-09-17 10:02:57','AUTHENTICATION_SUCCESS'),(139,'mohamed','2015-09-17 10:20:21','AUTHENTICATION_SUCCESS'),(140,'anonymousUser','2015-09-17 10:20:37','AUTHORIZATION_FAILURE'),(141,'user','2015-09-17 10:20:49','AUTHENTICATION_SUCCESS'),(142,'user','2015-09-17 10:20:49','AUTHENTICATION_SUCCESS'),(143,'user','2015-09-17 10:20:49','AUTHENTICATION_SUCCESS'),(144,'user','2015-09-17 10:30:38','AUTHENTICATION_SUCCESS'),(145,'anonymousUser','2015-09-17 10:31:09','AUTHORIZATION_FAILURE'),(146,'mohamed','2015-09-17 10:31:27','AUTHENTICATION_SUCCESS'),(147,'mohamed','2015-09-17 10:31:27','AUTHENTICATION_SUCCESS'),(148,'mohamed','2015-09-17 10:31:27','AUTHENTICATION_SUCCESS'),(149,'anonymousUser','2015-09-17 10:32:11','AUTHORIZATION_FAILURE'),(150,'anonymousUser','2015-09-17 10:32:16','AUTHORIZATION_FAILURE'),(151,'anonymousUser','2015-09-17 10:32:16','AUTHORIZATION_FAILURE'),(152,'anonymousUser','2015-09-17 10:32:28','AUTHORIZATION_FAILURE'),(153,'anonymousUser','2015-09-17 10:32:35','AUTHORIZATION_FAILURE'),(154,'anonymousUser','2015-09-17 10:32:56','AUTHORIZATION_FAILURE'),(155,'user','2015-09-17 10:33:05','AUTHENTICATION_SUCCESS'),(156,'user','2015-09-17 10:33:05','AUTHENTICATION_SUCCESS'),(157,'user','2015-09-17 10:33:05','AUTHENTICATION_SUCCESS'),(158,'anonymousUser','2015-09-17 10:39:02','AUTHORIZATION_FAILURE'),(159,'mohamed','2015-09-17 10:39:11','AUTHENTICATION_SUCCESS'),(160,'mohamed','2015-09-17 10:39:11','AUTHENTICATION_SUCCESS'),(161,'mohamed','2015-09-17 10:39:11','AUTHENTICATION_SUCCESS'),(162,'mohamed','2015-09-17 14:11:31','AUTHENTICATION_SUCCESS'),(163,'mohamed','2015-09-17 15:21:15','AUTHENTICATION_SUCCESS'),(164,'mohamed','2015-09-17 16:11:26','AUTHENTICATION_SUCCESS'),(165,'anonymousUser','2015-09-17 16:16:21','AUTHORIZATION_FAILURE'),(166,'user','2015-09-17 16:16:26','AUTHENTICATION_SUCCESS'),(167,'user','2015-09-17 16:16:26','AUTHENTICATION_SUCCESS'),(168,'user','2015-09-17 16:16:27','AUTHENTICATION_SUCCESS'),(169,'anonymousUser','2015-09-17 16:16:42','AUTHORIZATION_FAILURE'),(170,'anonymousUser','2015-09-17 16:16:46','AUTHORIZATION_FAILURE'),(171,'anonymousUser','2015-09-17 16:17:05','AUTHORIZATION_FAILURE'),(172,'anonymousUser','2015-09-17 16:17:05','AUTHORIZATION_FAILURE'),(173,'anonymousUser','2015-09-17 16:17:14','AUTHORIZATION_FAILURE'),(174,'user','2015-09-17 16:17:21','AUTHENTICATION_SUCCESS'),(175,'user','2015-09-17 16:17:21','AUTHENTICATION_SUCCESS'),(176,'user','2015-09-17 16:17:21','AUTHENTICATION_SUCCESS'),(177,'anonymousUser','2015-09-17 16:20:03','AUTHORIZATION_FAILURE'),(178,'user','2015-09-17 16:20:10','AUTHENTICATION_SUCCESS'),(179,'anonymousUser','2015-09-17 16:20:30','AUTHORIZATION_FAILURE'),(180,'mohamed','2015-09-17 16:20:37','AUTHENTICATION_SUCCESS'),(181,'mohamed','2015-09-17 16:20:37','AUTHENTICATION_SUCCESS'),(182,'mohamed','2015-09-17 16:20:37','AUTHENTICATION_SUCCESS'),(183,'anonymousUser','2015-09-17 16:21:24','AUTHORIZATION_FAILURE'),(184,'mohamed','2015-09-17 16:21:35','AUTHENTICATION_SUCCESS'),(185,'mohamed','2015-09-17 16:21:35','AUTHENTICATION_SUCCESS'),(186,'mohamed','2015-09-17 16:21:35','AUTHENTICATION_SUCCESS'),(187,'mohamed','2015-09-17 16:23:39','AUTHENTICATION_SUCCESS'),(188,'anonymousUser','2015-09-17 16:24:35','AUTHORIZATION_FAILURE'),(189,'anonymousUser','2015-09-17 16:24:41','AUTHORIZATION_FAILURE'),(190,'mohamed','2015-09-17 16:24:51','AUTHENTICATION_SUCCESS'),(191,'mohamed','2015-09-17 16:24:51','AUTHENTICATION_SUCCESS'),(192,'mohamed','2015-09-17 16:24:51','AUTHENTICATION_SUCCESS'),(193,'anonymousUser','2015-09-17 16:26:05','AUTHORIZATION_FAILURE'),(194,'anonymousUser','2015-09-17 16:27:33','AUTHORIZATION_FAILURE'),(195,'anonymousUser','2015-09-17 16:27:38','AUTHORIZATION_FAILURE'),(196,'anonymousUser','2015-09-17 16:27:41','AUTHORIZATION_FAILURE'),(197,'user','2015-09-17 16:27:47','AUTHENTICATION_SUCCESS'),(198,'user','2015-09-17 16:27:48','AUTHENTICATION_SUCCESS'),(199,'user','2015-09-17 16:27:48','AUTHENTICATION_SUCCESS'),(200,'anonymousUser','2015-09-17 16:28:16','AUTHORIZATION_FAILURE'),(201,'mohamed','2015-09-17 16:28:27','AUTHENTICATION_SUCCESS'),(202,'mohamed','2015-09-17 16:28:27','AUTHENTICATION_SUCCESS'),(203,'mohamed','2015-09-17 16:28:27','AUTHENTICATION_SUCCESS'),(204,'mohamed','2015-09-17 16:31:44','AUTHENTICATION_SUCCESS'),(205,'anonymousUser','2015-09-17 16:31:52','AUTHORIZATION_FAILURE'),(206,'mohamed','2015-09-17 16:32:00','AUTHENTICATION_SUCCESS'),(207,'mohamed','2015-09-17 16:32:00','AUTHENTICATION_SUCCESS'),(208,'mohamed','2015-09-17 16:32:00','AUTHENTICATION_SUCCESS'),(209,'mohamed','2015-09-17 16:33:25','AUTHENTICATION_SUCCESS'),(210,'anonymousUser','2015-09-17 16:33:59','AUTHORIZATION_FAILURE'),(211,'mohamed','2015-09-17 16:34:13','AUTHENTICATION_SUCCESS'),(212,'mohamed','2015-09-17 16:34:13','AUTHENTICATION_SUCCESS'),(213,'mohamed','2015-09-17 16:34:13','AUTHENTICATION_SUCCESS'),(214,'mohamed','2015-09-17 16:35:44','AUTHENTICATION_SUCCESS'),(215,'anonymousUser','2015-09-17 16:36:51','AUTHORIZATION_FAILURE'),(216,'mohamed','2015-09-17 16:37:00','AUTHENTICATION_SUCCESS'),(217,'mohamed','2015-09-17 16:37:00','AUTHENTICATION_SUCCESS'),(218,'mohamed','2015-09-17 16:37:00','AUTHENTICATION_SUCCESS'),(219,'mohamed','2015-09-17 16:38:48','AUTHENTICATION_SUCCESS'),(220,'mohamed','2015-09-17 16:40:39','AUTHENTICATION_SUCCESS'),(221,'mohamed','2015-09-17 16:42:09','AUTHENTICATION_SUCCESS'),(222,'anonymousUser','2015-09-17 16:44:13','AUTHORIZATION_FAILURE'),(223,'user','2015-09-17 16:44:36','AUTHENTICATION_SUCCESS'),(224,'user','2015-09-17 16:44:36','AUTHENTICATION_SUCCESS'),(225,'user','2015-09-17 16:44:36','AUTHENTICATION_SUCCESS'),(226,'anonymousUser','2015-09-17 16:44:59','AUTHORIZATION_FAILURE'),(227,'mohamed','2015-09-17 16:45:07','AUTHENTICATION_SUCCESS'),(228,'mohamed','2015-09-17 16:45:07','AUTHENTICATION_SUCCESS'),(229,'mohamed','2015-09-17 16:45:07','AUTHENTICATION_SUCCESS'),(230,'anonymousUser','2015-09-19 05:00:20','AUTHORIZATION_FAILURE'),(231,'mm','2015-09-19 05:00:29','AUTHENTICATION_FAILURE'),(232,'anonymousUser','2015-09-19 05:00:29','AUTHORIZATION_FAILURE'),(233,'mmo','2015-09-19 05:00:31','AUTHENTICATION_FAILURE'),(234,'anonymousUser','2015-09-19 05:00:31','AUTHORIZATION_FAILURE'),(235,'anonymousUser','2015-09-19 05:00:31','AUTHORIZATION_FAILURE'),(236,'mmo','2015-09-19 05:00:31','AUTHENTICATION_FAILURE'),(237,'anonymousUser','2015-09-19 05:00:31','AUTHORIZATION_FAILURE'),(238,'mmo','2015-09-19 05:00:32','AUTHENTICATION_FAILURE'),(239,'anonymousUser','2015-09-19 05:00:32','AUTHORIZATION_FAILURE'),(240,'mohamed','2015-09-19 05:00:38','AUTHENTICATION_SUCCESS'),(241,'mohamed','2015-09-19 05:00:38','AUTHENTICATION_SUCCESS'),(242,'mohamed','2015-09-19 05:00:38','AUTHENTICATION_SUCCESS'),(243,'mohamed','2015-09-19 05:06:18','AUTHENTICATION_SUCCESS'),(244,'mohamed','2015-09-19 05:23:40','AUTHENTICATION_SUCCESS'),(245,'mohamed','2015-09-19 06:44:30','AUTHENTICATION_SUCCESS'),(246,'mohamed','2015-09-19 06:53:07','AUTHENTICATION_SUCCESS'),(247,'mohamed','2015-09-19 07:07:33','AUTHENTICATION_SUCCESS'),(248,'mohamed','2015-09-19 07:09:39','AUTHENTICATION_SUCCESS'),(249,'mohamed','2015-09-19 07:34:20','AUTHENTICATION_SUCCESS'),(250,'mohamed','2015-09-19 07:44:30','AUTHENTICATION_SUCCESS'),(251,'mohamed','2015-09-19 07:49:31','AUTHENTICATION_SUCCESS'),(252,'mohamed','2015-10-08 05:58:08','AUTHENTICATION_SUCCESS'),(253,'anonymousUser','2015-10-08 06:00:40','AUTHORIZATION_FAILURE'),(254,'mohamed','2015-10-08 06:01:01','AUTHENTICATION_SUCCESS'),(255,'mohamed','2015-10-08 06:01:01','AUTHENTICATION_SUCCESS'),(256,'mohamed','2015-10-08 06:01:01','AUTHENTICATION_SUCCESS'),(257,'anonymousUser','2015-10-08 06:02:43','AUTHORIZATION_FAILURE'),(258,'mohamed','2015-10-08 06:03:37','AUTHENTICATION_SUCCESS'),(259,'mohamed','2015-10-08 06:03:37','AUTHENTICATION_SUCCESS'),(260,'mohamed','2015-10-08 06:03:37','AUTHENTICATION_SUCCESS'),(261,'anonymousUser','2015-10-08 06:06:54','AUTHORIZATION_FAILURE'),(262,'mohamed','2015-10-08 06:07:10','AUTHENTICATION_SUCCESS'),(263,'mohamed','2015-10-08 06:07:10','AUTHENTICATION_SUCCESS'),(264,'mohamed','2015-10-08 06:07:10','AUTHENTICATION_SUCCESS'),(265,'anonymousUser','2015-10-08 06:12:17','AUTHORIZATION_FAILURE'),(266,'anonymousUser','2015-10-08 06:13:01','AUTHORIZATION_FAILURE'),(267,'mohamed','2015-10-08 06:13:12','AUTHENTICATION_SUCCESS'),(268,'mohamed','2015-10-08 06:13:12','AUTHENTICATION_SUCCESS'),(269,'mohamed','2015-10-08 06:13:12','AUTHENTICATION_SUCCESS'),(270,'anonymousUser','2015-10-08 06:14:21','AUTHORIZATION_FAILURE'),(271,'mohamed','2015-10-08 06:14:42','AUTHENTICATION_SUCCESS'),(272,'mohamed','2015-10-08 06:14:42','AUTHENTICATION_SUCCESS'),(273,'mohamed','2015-10-08 06:14:42','AUTHENTICATION_SUCCESS'),(274,'anonymousUser','2015-10-08 06:14:42','AUTHORIZATION_FAILURE'),(275,'mohamed','2015-10-08 06:14:53','AUTHENTICATION_SUCCESS'),(276,'mohamed','2015-10-08 06:14:53','AUTHENTICATION_SUCCESS'),(277,'mohamed','2015-10-08 06:14:53','AUTHENTICATION_SUCCESS'),(278,'anonymousUser','2015-10-08 06:20:11','AUTHORIZATION_FAILURE'),(279,'anonymousUser','2015-10-08 06:43:30','AUTHORIZATION_FAILURE'),(280,'anonymousUser','2015-10-08 06:43:30','AUTHORIZATION_FAILURE'),(281,'mohamed','2015-10-08 06:44:01','AUTHENTICATION_SUCCESS'),(282,'mohamed','2015-10-08 06:44:01','AUTHENTICATION_SUCCESS'),(283,'mohamed','2015-10-08 06:44:01','AUTHENTICATION_SUCCESS'),(284,'anonymousUser','2015-10-08 06:44:02','AUTHORIZATION_FAILURE'),(285,'anonymousUser','2015-10-08 06:44:02','AUTHORIZATION_FAILURE'),(286,'admin','2015-10-08 06:59:18','AUTHENTICATION_SUCCESS'),(287,'admin','2015-10-08 06:59:18','AUTHENTICATION_SUCCESS'),(288,'admin','2015-10-08 06:59:18','AUTHENTICATION_SUCCESS'),(289,'anonymousUser','2015-10-08 06:59:18','AUTHORIZATION_FAILURE'),(290,'admin','2015-10-08 06:59:38','AUTHENTICATION_SUCCESS'),(291,'admin','2015-10-08 06:59:38','AUTHENTICATION_SUCCESS'),(292,'admin','2015-10-08 06:59:38','AUTHENTICATION_SUCCESS'),(293,'undefined','2015-10-08 06:59:39','AUTHENTICATION_FAILURE'),(294,'anonymousUser','2015-10-08 06:59:39','AUTHORIZATION_FAILURE'),(295,'anonymousUser','2015-10-08 07:02:26','AUTHORIZATION_FAILURE'),(296,'anonymousUser','2015-10-08 07:02:26','AUTHORIZATION_FAILURE'),(297,'anonymousUser','2015-10-08 07:02:32','AUTHORIZATION_FAILURE'),(298,'admin','2015-10-08 07:02:41','AUTHENTICATION_SUCCESS'),(299,'admin','2015-10-08 07:02:41','AUTHENTICATION_SUCCESS'),(300,'undefined','2015-10-08 07:02:41','AUTHENTICATION_FAILURE'),(301,'admin','2015-10-08 07:02:41','AUTHENTICATION_SUCCESS'),(302,'anonymousUser','2015-10-08 07:02:48','AUTHORIZATION_FAILURE'),(303,'mohamed','2015-10-08 07:03:00','AUTHENTICATION_SUCCESS'),(304,'mohamed','2015-10-08 07:03:00','AUTHENTICATION_SUCCESS'),(305,'mohamed','2015-10-08 07:03:00','AUTHENTICATION_SUCCESS'),(306,'undefined','2015-10-08 07:03:01','AUTHENTICATION_FAILURE'),(307,'anonymousUser','2015-10-08 07:03:01','AUTHORIZATION_FAILURE'),(308,'anonymousUser','2015-10-08 07:03:04','AUTHORIZATION_FAILURE'),(309,'admin','2015-10-08 07:03:38','AUTHENTICATION_FAILURE'),(310,'anonymousUser','2015-10-08 07:03:38','AUTHORIZATION_FAILURE'),(311,'undefined','2015-10-08 07:03:39','AUTHENTICATION_FAILURE'),(312,'anonymousUser','2015-10-08 07:03:39','AUTHORIZATION_FAILURE'),(313,'admin','2015-10-08 07:03:43','AUTHENTICATION_SUCCESS'),(314,'admin','2015-10-08 07:03:43','AUTHENTICATION_SUCCESS'),(315,'admin','2015-10-08 07:03:43','AUTHENTICATION_SUCCESS'),(316,'undefined','2015-10-08 07:03:44','AUTHENTICATION_FAILURE'),(317,'anonymousUser','2015-10-08 07:03:44','AUTHORIZATION_FAILURE'),(318,'anonymousUser','2015-10-08 07:03:58','AUTHORIZATION_FAILURE'),(319,'anonymousUser','2015-10-08 07:03:59','AUTHORIZATION_FAILURE'),(320,'admin','2015-10-08 07:04:05','AUTHENTICATION_SUCCESS'),(321,'admin','2015-10-08 07:04:05','AUTHENTICATION_SUCCESS'),(322,'admin','2015-10-08 07:04:05','AUTHENTICATION_SUCCESS'),(323,'undefined','2015-10-08 07:04:06','AUTHENTICATION_FAILURE'),(324,'anonymousUser','2015-10-08 07:04:06','AUTHORIZATION_FAILURE'),(325,'anonymousUser','2015-10-08 07:04:55','AUTHORIZATION_FAILURE'),(326,'anonymousUser','2015-10-08 07:04:56','AUTHORIZATION_FAILURE'),(327,'undefined','2015-10-08 07:04:57','AUTHENTICATION_FAILURE'),(328,'anonymousUser','2015-10-08 07:04:57','AUTHORIZATION_FAILURE'),(329,'anonymousUser','2015-10-08 07:04:57','AUTHORIZATION_FAILURE'),(330,'admin','2015-10-08 07:05:04','AUTHENTICATION_SUCCESS'),(331,'admin','2015-10-08 07:05:04','AUTHENTICATION_SUCCESS'),(332,'admin','2015-10-08 07:05:04','AUTHENTICATION_SUCCESS'),(333,'anonymousUser','2015-10-08 07:05:04','AUTHORIZATION_FAILURE'),(334,'anonymousUser','2015-10-08 07:05:08','AUTHORIZATION_FAILURE'),(335,'anonymousUser','2015-10-08 07:05:08','AUTHORIZATION_FAILURE'),(336,'anonymousUser','2015-10-08 07:05:44','AUTHORIZATION_FAILURE'),(337,'anonymousUser','2015-10-08 07:05:46','AUTHORIZATION_FAILURE'),(338,'admin','2015-10-08 07:05:55','AUTHENTICATION_SUCCESS'),(339,'admin','2015-10-08 07:05:55','AUTHENTICATION_SUCCESS'),(340,'admin','2015-10-08 07:05:55','AUTHENTICATION_SUCCESS'),(341,'undefined','2015-10-08 07:05:55','AUTHENTICATION_FAILURE'),(342,'anonymousUser','2015-10-08 07:05:56','AUTHORIZATION_FAILURE'),(343,'anonymousUser','2015-10-08 07:05:57','AUTHORIZATION_FAILURE'),(344,'anonymousUser','2015-10-08 07:05:57','AUTHORIZATION_FAILURE'),(345,'admin','2015-10-08 07:06:03','AUTHENTICATION_SUCCESS'),(346,'admin','2015-10-08 07:06:03','AUTHENTICATION_SUCCESS'),(347,'admin','2015-10-08 07:06:03','AUTHENTICATION_SUCCESS'),(348,'undefined','2015-10-08 07:06:04','AUTHENTICATION_FAILURE'),(349,'anonymousUser','2015-10-08 07:06:04','AUTHORIZATION_FAILURE'),(350,'anonymousUser','2015-10-08 07:06:06','AUTHORIZATION_FAILURE'),(351,'admin','2015-10-08 07:06:11','AUTHENTICATION_SUCCESS'),(352,'admin','2015-10-08 07:06:11','AUTHENTICATION_SUCCESS'),(353,'admin','2015-10-08 07:06:11','AUTHENTICATION_SUCCESS'),(354,'undefined','2015-10-08 07:06:11','AUTHENTICATION_FAILURE'),(355,'anonymousUser','2015-10-08 07:06:12','AUTHORIZATION_FAILURE'),(356,'anonymousUser','2015-10-08 07:06:13','AUTHORIZATION_FAILURE'),(357,'anonymousUser','2015-10-08 07:06:13','AUTHORIZATION_FAILURE'),(358,'admin','2015-10-08 07:06:21','AUTHENTICATION_SUCCESS'),(359,'admin','2015-10-08 07:06:21','AUTHENTICATION_SUCCESS'),(360,'admin','2015-10-08 07:06:21','AUTHENTICATION_SUCCESS');
/*!40000 ALTER TABLE `JHI_PERSISTENT_AUDIT_EVENT` ENABLE KEYS */;
UNLOCK TABLES;

--
-- Table structure for table `JHI_PERSISTENT_AUDIT_EVT_DATA`
--

DROP TABLE IF EXISTS `JHI_PERSISTENT_AUDIT_EVT_DATA`;
/*!40101 SET @saved_cs_client     = @@character_set_client */;
/*!40101 SET character_set_client = utf8 */;
CREATE TABLE `JHI_PERSISTENT_AUDIT_EVT_DATA` (
  `event_id` bigint(20) NOT NULL,
  `name` varchar(255) NOT NULL,
  `value` varchar(255) DEFAULT NULL,
  PRIMARY KEY (`event_id`,`name`),
  KEY `idx_persistent_audit_evt_data` (`event_id`),
  CONSTRAINT `fk_evt_pers_audit_evt_data` FOREIGN KEY (`event_id`) REFERENCES `JHI_PERSISTENT_AUDIT_EVENT` (`event_id`)
) ENGINE=InnoDB DEFAULT CHARSET=latin1;
/*!40101 SET character_set_client = @saved_cs_client */;

--
-- Dumping data for table `JHI_PERSISTENT_AUDIT_EVT_DATA`
--

LOCK TABLES `JHI_PERSISTENT_AUDIT_EVT_DATA` WRITE;
/*!40000 ALTER TABLE `JHI_PERSISTENT_AUDIT_EVT_DATA` DISABLE KEYS */;
INSERT INTO `JHI_PERSISTENT_AUDIT_EVT_DATA` VALUES (1,'message','Access is denied'),(1,'type','org.springframework.security.access.AccessDeniedException'),(2,'remoteAddress','127.0.0.1'),(2,'sessionId','45800376A717EF51A73ED9C8C5FDABC1'),(3,'remoteAddress','127.0.0.1'),(3,'sessionId','45800376A717EF51A73ED9C8C5FDABC1'),(4,'remoteAddress','127.0.0.1'),(4,'sessionId','45800376A717EF51A73ED9C8C5FDABC1'),(5,'message','Access is denied'),(5,'type','org.springframework.security.access.AccessDeniedException'),(6,'message','Access is denied'),(6,'type','org.springframework.security.access.AccessDeniedException'),(7,'message','Access is denied'),(7,'type','org.springframework.security.access.AccessDeniedException'),(8,'remoteAddress','127.0.0.1'),(8,'sessionId','190ECBB8AEE01BDEFFB4C8E899C93F70'),(9,'remoteAddress','127.0.0.1'),(9,'sessionId','190ECBB8AEE01BDEFFB4C8E899C93F70'),(10,'remoteAddress','127.0.0.1'),(10,'sessionId','190ECBB8AEE01BDEFFB4C8E899C93F70'),(11,'message','Access is denied'),(11,'type','org.springframework.security.access.AccessDeniedException'),(12,'message','Access is denied'),(12,'type','org.springframework.security.access.AccessDeniedException'),(13,'message','Access is denied'),(13,'type','org.springframework.security.access.AccessDeniedException'),(14,'message','Access is denied'),(14,'type','org.springframework.security.access.AccessDeniedException'),(15,'remoteAddress','127.0.0.1'),(15,'sessionId','B626B434B7953622E79074F23AC6D572'),(16,'remoteAddress','127.0.0.1'),(16,'sessionId','B626B434B7953622E79074F23AC6D572'),(17,'remoteAddress','127.0.0.1'),(17,'sessionId','B626B434B7953622E79074F23AC6D572'),(18,'message','Access is denied'),(18,'type','org.springframework.security.access.AccessDeniedException'),(19,'remoteAddress','127.0.0.1'),(19,'sessionId','31B77848C7E13E115C8E017F0661C96A'),(20,'remoteAddress','127.0.0.1'),(20,'sessionId','31B77848C7E13E115C8E017F0661C96A'),(21,'remoteAddress','127.0.0.1'),(21,'sessionId','31B77848C7E13E115C8E017F0661C96A'),(22,'message','Access is denied'),(22,'type','org.springframework.security.access.AccessDeniedException'),(23,'message','Access is denied'),(23,'type','org.springframework.security.access.AccessDeniedException'),(24,'message','Access is denied'),(24,'type','org.springframework.security.access.AccessDeniedException'),(25,'remoteAddress','127.0.0.1'),(25,'sessionId','3879076AFD83E03F3D73CFCBB4567775'),(26,'remoteAddress','127.0.0.1'),(26,'sessionId','3879076AFD83E03F3D73CFCBB4567775'),(27,'remoteAddress','127.0.0.1'),(27,'sessionId','3879076AFD83E03F3D73CFCBB4567775'),(28,'message','Access is denied'),(28,'type','org.springframework.security.access.AccessDeniedException'),(29,'remoteAddress','127.0.0.1'),(29,'sessionId','191C1F9DBFB76E58D9ACEB640665B373'),(30,'remoteAddress','127.0.0.1'),(30,'sessionId','191C1F9DBFB76E58D9ACEB640665B373'),(31,'remoteAddress','127.0.0.1'),(31,'sessionId','191C1F9DBFB76E58D9ACEB640665B373'),(32,'message','Access is denied'),(32,'type','org.springframework.security.access.AccessDeniedException'),(33,'message','Access is denied'),(33,'type','org.springframework.security.access.AccessDeniedException'),(34,'message','Access is denied'),(34,'type','org.springframework.security.access.AccessDeniedException'),(35,'remoteAddress','127.0.0.1'),(35,'sessionId','E30D27C1084283F074F050E0119F165F'),(36,'remoteAddress','127.0.0.1'),(36,'sessionId','E30D27C1084283F074F050E0119F165F'),(37,'remoteAddress','127.0.0.1'),(37,'sessionId','E30D27C1084283F074F050E0119F165F'),(38,'remoteAddress','127.0.0.1'),(38,'sessionId','C71A1F79A25939EB71D16A1207C890A3'),(39,'remoteAddress','127.0.0.1'),(39,'sessionId','A819594112CEE6B4E1ED1261DC938F11'),(40,'remoteAddress','127.0.0.1'),(40,'sessionId','D2C1BE1569C9581A4606BCF6172722D2'),(41,'remoteAddress','127.0.0.1'),(41,'sessionId','0388AF9E845EDB3A046939942C44937E'),(42,'remoteAddress','127.0.0.1'),(42,'sessionId','1292056EECCEE1C26A0788ECD4F40A93'),(43,'remoteAddress','127.0.0.1'),(43,'sessionId','BC1F449545D84049746D4B55BDCAB916'),(44,'remoteAddress','127.0.0.1'),(44,'sessionId','915E3F7B4F95939AE57DDF6AEEA34F2F'),(45,'message','Access is denied'),(45,'type','org.springframework.security.access.AccessDeniedException'),(46,'remoteAddress','127.0.0.1'),(46,'sessionId','2F3CA608C94BCCFD2CD179974EA3B890'),(47,'remoteAddress','127.0.0.1'),(47,'sessionId','2F3CA608C94BCCFD2CD179974EA3B890'),(48,'remoteAddress','127.0.0.1'),(48,'sessionId','2F3CA608C94BCCFD2CD179974EA3B890'),(49,'message','Access is denied'),(49,'type','org.springframework.security.access.AccessDeniedException'),(50,'remoteAddress','127.0.0.1'),(50,'sessionId','76344E4EFB0D5270D2288525E32AF5C5'),(51,'remoteAddress','127.0.0.1'),(51,'sessionId','76344E4EFB0D5270D2288525E32AF5C5'),(52,'remoteAddress','127.0.0.1'),(52,'sessionId','76344E4EFB0D5270D2288525E32AF5C5'),(53,'message','Access is denied'),(53,'type','org.springframework.security.access.AccessDeniedException'),(54,'remoteAddress','127.0.0.1'),(54,'sessionId','0CC7D332FAEAC669FDD631CA84CEF1F9'),(55,'remoteAddress','127.0.0.1'),(55,'sessionId','0CC7D332FAEAC669FDD631CA84CEF1F9'),(56,'remoteAddress','127.0.0.1'),(56,'sessionId','0CC7D332FAEAC669FDD631CA84CEF1F9'),(57,'remoteAddress','127.0.0.1'),(57,'sessionId','AF2C47FE092B8A61E2F75FEA7DA5DB9B'),(58,'message','Access is denied'),(58,'type','org.springframework.security.access.AccessDeniedException'),(59,'remoteAddress','127.0.0.1'),(59,'sessionId','D4965718F4356B319E8D993CE139466C'),(60,'remoteAddress','127.0.0.1'),(60,'sessionId','D4965718F4356B319E8D993CE139466C'),(61,'remoteAddress','127.0.0.1'),(61,'sessionId','D4965718F4356B319E8D993CE139466C'),(62,'message','Access is denied'),(62,'type','org.springframework.security.access.AccessDeniedException'),(63,'message','Access is denied'),(63,'type','org.springframework.security.access.AccessDeniedException'),(64,'message','Access is denied'),(64,'type','org.springframework.security.access.AccessDeniedException'),(65,'message','Access is denied'),(65,'type','org.springframework.security.access.AccessDeniedException'),(66,'message','Access is denied'),(66,'type','org.springframework.security.access.AccessDeniedException'),(67,'message','Access is denied'),(67,'type','org.springframework.security.access.AccessDeniedException'),(68,'remoteAddress','127.0.0.1'),(68,'sessionId','2B2D623004EA9827F0AC5CE7E1B159A4'),(69,'remoteAddress','127.0.0.1'),(69,'sessionId','2B2D623004EA9827F0AC5CE7E1B159A4'),(70,'remoteAddress','127.0.0.1'),(70,'sessionId','2B2D623004EA9827F0AC5CE7E1B159A4'),(71,'message','Access is denied'),(71,'type','org.springframework.security.access.AccessDeniedException'),(72,'message','Access is denied'),(72,'type','org.springframework.security.access.AccessDeniedException'),(73,'message','Access is denied'),(73,'type','org.springframework.security.access.AccessDeniedException'),(74,'remoteAddress','127.0.0.1'),(74,'sessionId','EB770F82400DEB99B93B963F01A6ED7C'),(75,'remoteAddress','127.0.0.1'),(75,'sessionId','EB770F82400DEB99B93B963F01A6ED7C'),(76,'remoteAddress','127.0.0.1'),(76,'sessionId','EB770F82400DEB99B93B963F01A6ED7C'),(77,'message','Access is denied'),(77,'type','org.springframework.security.access.AccessDeniedException'),(78,'message','Access is denied'),(78,'type','org.springframework.security.access.AccessDeniedException'),(79,'remoteAddress','127.0.0.1'),(79,'sessionId','D778B123C8F3EEB367465E8B9DB22636'),(80,'remoteAddress','127.0.0.1'),(80,'sessionId','D778B123C8F3EEB367465E8B9DB22636'),(81,'remoteAddress','127.0.0.1'),(81,'sessionId','D778B123C8F3EEB367465E8B9DB22636'),(82,'remoteAddress','127.0.0.1'),(82,'sessionId','52A7FC43CE0741C0C708E53629BB2467'),(83,'message','Access is denied'),(83,'type','org.springframework.security.access.AccessDeniedException'),(84,'message','Access is denied'),(84,'type','org.springframework.security.access.AccessDeniedException'),(85,'remoteAddress','127.0.0.1'),(85,'sessionId','3759326369C2DF8EBDAA94D70BFD319E'),(86,'remoteAddress','127.0.0.1'),(86,'sessionId','3759326369C2DF8EBDAA94D70BFD319E'),(87,'remoteAddress','127.0.0.1'),(87,'sessionId','3759326369C2DF8EBDAA94D70BFD319E'),(88,'message','Access is denied'),(88,'type','org.springframework.security.access.AccessDeniedException'),(89,'remoteAddress','127.0.0.1'),(89,'sessionId','70C211C8A4185CA7835FC3D9C8590D31'),(90,'remoteAddress','127.0.0.1'),(90,'sessionId','70C211C8A4185CA7835FC3D9C8590D31'),(91,'remoteAddress','127.0.0.1'),(91,'sessionId','70C211C8A4185CA7835FC3D9C8590D31'),(92,'remoteAddress','127.0.0.1'),(92,'sessionId','91BC78334A8FEF1E060955F007A50F54'),(93,'message','Access is denied'),(93,'type','org.springframework.security.access.AccessDeniedException'),(94,'message','Bad credentials'),(94,'type','org.springframework.security.authentication.BadCredentialsException'),(95,'message','Access is denied'),(95,'type','org.springframework.security.access.AccessDeniedException'),(96,'remoteAddress','127.0.0.1'),(96,'sessionId','C9D90A1526C9828A75BEBA93BD506F99'),(97,'remoteAddress','127.0.0.1'),(97,'sessionId','C9D90A1526C9828A75BEBA93BD506F99'),(98,'remoteAddress','127.0.0.1'),(98,'sessionId','C9D90A1526C9828A75BEBA93BD506F99'),(99,'remoteAddress','127.0.0.1'),(99,'sessionId','F60254A31CDD53B8AF9293E5B486036D'),(100,'remoteAddress','127.0.0.1'),(100,'sessionId','84726D8E3A265CC6685D1935F30376D2'),(101,'message','Access is denied'),(101,'type','org.springframework.security.access.AccessDeniedException'),(102,'message','Bad credentials'),(102,'type','org.springframework.security.authentication.BadCredentialsException'),(103,'message','Access is denied'),(103,'type','org.springframework.security.access.AccessDeniedException'),(104,'remoteAddress','127.0.0.1'),(104,'sessionId','0B8963D5822E9731D6B554651685DEDF'),(105,'remoteAddress','127.0.0.1'),(105,'sessionId','0B8963D5822E9731D6B554651685DEDF'),(106,'remoteAddress','127.0.0.1'),(106,'sessionId','0B8963D5822E9731D6B554651685DEDF'),(107,'message','Access is denied'),(107,'type','org.springframework.security.access.AccessDeniedException'),(108,'remoteAddress','127.0.0.1'),(108,'sessionId','546C53CA00463E5EB0BC98989F0AF3D5'),(109,'remoteAddress','127.0.0.1'),(109,'sessionId','546C53CA00463E5EB0BC98989F0AF3D5'),(110,'remoteAddress','127.0.0.1'),(110,'sessionId','546C53CA00463E5EB0BC98989F0AF3D5'),(111,'message','Access is denied'),(111,'type','org.springframework.security.access.AccessDeniedException'),(112,'message','Access is denied'),(112,'type','org.springframework.security.access.AccessDeniedException'),(113,'remoteAddress','127.0.0.1'),(113,'sessionId','75606F10CE5EC91327AF7A2E85EF8FC6'),(114,'remoteAddress','127.0.0.1'),(114,'sessionId','75606F10CE5EC91327AF7A2E85EF8FC6'),(115,'remoteAddress','127.0.0.1'),(115,'sessionId','75606F10CE5EC91327AF7A2E85EF8FC6'),(116,'message','Access is denied'),(116,'type','org.springframework.security.access.AccessDeniedException'),(117,'message','Access is denied'),(117,'type','org.springframework.security.access.AccessDeniedException'),(118,'remoteAddress','127.0.0.1'),(118,'sessionId','CDBF9E334F7D9BC952123F10FFE2817D'),(119,'remoteAddress','127.0.0.1'),(119,'sessionId','CDBF9E334F7D9BC952123F10FFE2817D'),(120,'remoteAddress','127.0.0.1'),(120,'sessionId','CDBF9E334F7D9BC952123F10FFE2817D'),(121,'remoteAddress','127.0.0.1'),(121,'sessionId','AD369AD9874CDA4F6E259B72208969B7'),(122,'message','Access is denied'),(122,'type','org.springframework.security.access.AccessDeniedException'),(123,'remoteAddress','127.0.0.1'),(123,'sessionId','3837EAC56A925569F6E81CCAB918FA79'),(124,'remoteAddress','127.0.0.1'),(124,'sessionId','3837EAC56A925569F6E81CCAB918FA79'),(125,'remoteAddress','127.0.0.1'),(125,'sessionId','3837EAC56A925569F6E81CCAB918FA79'),(126,'remoteAddress','127.0.0.1'),(126,'sessionId','A34D42E44DA8BA2C90C22364271C1585'),(127,'message','Access is denied'),(127,'type','org.springframework.security.access.AccessDeniedException'),(128,'message','Access is denied'),(128,'type','org.springframework.security.access.AccessDeniedException'),(129,'message','Access is denied'),(129,'type','org.springframework.security.access.AccessDeniedException'),(130,'remoteAddress','127.0.0.1'),(130,'sessionId','EF313ABAC81C32BEB640DD60BC315BB9'),(131,'remoteAddress','127.0.0.1'),(131,'sessionId','EF313ABAC81C32BEB640DD60BC315BB9'),(132,'remoteAddress','127.0.0.1'),(132,'sessionId','EF313ABAC81C32BEB640DD60BC315BB9'),(133,'message','Access is denied'),(133,'type','org.springframework.security.access.AccessDeniedException'),(134,'message','Access is denied'),(134,'type','org.springframework.security.access.AccessDeniedException'),(135,'message','Access is denied'),(135,'type','org.springframework.security.access.AccessDeniedException'),(136,'remoteAddress','127.0.0.1'),(136,'sessionId','A2CE2E5CD6C232FDDEAEFC0CC0AAFB94'),(137,'remoteAddress','127.0.0.1'),(137,'sessionId','A2CE2E5CD6C232FDDEAEFC0CC0AAFB94'),(138,'remoteAddress','127.0.0.1'),(138,'sessionId','A2CE2E5CD6C232FDDEAEFC0CC0AAFB94'),(139,'remoteAddress','127.0.0.1'),(139,'sessionId','6737D670C22640924E3CE46F6394DAF6'),(140,'message','Access is denied'),(140,'type','org.springframework.security.access.AccessDeniedException'),(141,'remoteAddress','127.0.0.1'),(141,'sessionId','BDF3080590588793A7353C0883E51A37'),(142,'remoteAddress','127.0.0.1'),(142,'sessionId','BDF3080590588793A7353C0883E51A37'),(143,'remoteAddress','127.0.0.1'),(143,'sessionId','BDF3080590588793A7353C0883E51A37'),(144,'remoteAddress','127.0.0.1'),(144,'sessionId','6F9DAD7F452D1666F4051A66D88F1C4C'),(145,'message','Access is denied'),(145,'type','org.springframework.security.access.AccessDeniedException'),(146,'remoteAddress','127.0.0.1'),(146,'sessionId','E677419B798EBB9191BFC782ECC5E32A'),(147,'remoteAddress','127.0.0.1'),(147,'sessionId','E677419B798EBB9191BFC782ECC5E32A'),(148,'remoteAddress','127.0.0.1'),(148,'sessionId','E677419B798EBB9191BFC782ECC5E32A'),(149,'message','Access is denied'),(149,'type','org.springframework.security.access.AccessDeniedException'),(150,'message','Access is denied'),(150,'type','org.springframework.security.access.AccessDeniedException'),(151,'message','Access is denied'),(151,'type','org.springframework.security.access.AccessDeniedException'),(152,'message','Access is denied'),(152,'type','org.springframework.security.access.AccessDeniedException'),(153,'message','Access is denied'),(153,'type','org.springframework.security.access.AccessDeniedException'),(154,'message','Access is denied'),(154,'type','org.springframework.security.access.AccessDeniedException'),(155,'remoteAddress','127.0.0.1'),(155,'sessionId','D96F3817D3F44E45E2E3D5DF19F13BAA'),(156,'remoteAddress','127.0.0.1'),(156,'sessionId','D96F3817D3F44E45E2E3D5DF19F13BAA'),(157,'remoteAddress','127.0.0.1'),(157,'sessionId','D96F3817D3F44E45E2E3D5DF19F13BAA'),(158,'message','Access is denied'),(158,'type','org.springframework.security.access.AccessDeniedException'),(159,'remoteAddress','127.0.0.1'),(159,'sessionId','AB5FF7FDC10418073D7B08C9496A230A'),(160,'remoteAddress','127.0.0.1'),(160,'sessionId','AB5FF7FDC10418073D7B08C9496A230A'),(161,'remoteAddress','127.0.0.1'),(161,'sessionId','AB5FF7FDC10418073D7B08C9496A230A'),(162,'remoteAddress','127.0.0.1'),(162,'sessionId','A5713265FD37029449A6D19BF4A85F54'),(163,'remoteAddress','127.0.0.1'),(163,'sessionId','1D2A19A19D05681CE971605C4007AD8D'),(164,'remoteAddress','127.0.0.1'),(164,'sessionId','9E8F780026B9C6F3F3051ECCD41C18A8'),(165,'message','Access is denied'),(165,'type','org.springframework.security.access.AccessDeniedException'),(166,'remoteAddress','127.0.0.1'),(166,'sessionId','A4329A00F8D0B2982E4AFC69B14F963C'),(167,'remoteAddress','127.0.0.1'),(167,'sessionId','A4329A00F8D0B2982E4AFC69B14F963C'),(168,'remoteAddress','127.0.0.1'),(168,'sessionId','A4329A00F8D0B2982E4AFC69B14F963C'),(169,'message','Access is denied'),(169,'type','org.springframework.security.access.AccessDeniedException'),(170,'message','Access is denied'),(170,'type','org.springframework.security.access.AccessDeniedException'),(171,'message','Access is denied'),(171,'type','org.springframework.security.access.AccessDeniedException'),(172,'message','Access is denied'),(172,'type','org.springframework.security.access.AccessDeniedException'),(173,'message','Access is denied'),(173,'type','org.springframework.security.access.AccessDeniedException'),(174,'remoteAddress','127.0.0.1'),(174,'sessionId','D38A2A9D62AAA7997F91645116E00A2C'),(175,'remoteAddress','127.0.0.1'),(175,'sessionId','D38A2A9D62AAA7997F91645116E00A2C'),(176,'remoteAddress','127.0.0.1'),(176,'sessionId','D38A2A9D62AAA7997F91645116E00A2C'),(177,'message','Access is denied'),(177,'type','org.springframework.security.access.AccessDeniedException'),(178,'remoteAddress','127.0.0.1'),(178,'sessionId','43ACEA575E2F52A8D5920DD651FC963B'),(179,'message','Access is denied'),(179,'type','org.springframework.security.access.AccessDeniedException'),(180,'remoteAddress','127.0.0.1'),(180,'sessionId','4A34727814C35E1564642E3BC399BA09'),(181,'remoteAddress','127.0.0.1'),(181,'sessionId','4A34727814C35E1564642E3BC399BA09'),(182,'remoteAddress','127.0.0.1'),(182,'sessionId','4A34727814C35E1564642E3BC399BA09'),(183,'message','Access is denied'),(183,'type','org.springframework.security.access.AccessDeniedException'),(184,'remoteAddress','127.0.0.1'),(184,'sessionId','CFEDB6A7D7A00AA6557DC428E4E65E12'),(185,'remoteAddress','127.0.0.1'),(185,'sessionId','CFEDB6A7D7A00AA6557DC428E4E65E12'),(186,'remoteAddress','127.0.0.1'),(186,'sessionId','CFEDB6A7D7A00AA6557DC428E4E65E12'),(187,'remoteAddress','127.0.0.1'),(187,'sessionId','ECE3D2522A444FBB32FD76CC2E6EFA5D'),(188,'message','Access is denied'),(188,'type','org.springframework.security.access.AccessDeniedException'),(189,'message','Access is denied'),(189,'type','org.springframework.security.access.AccessDeniedException'),(190,'remoteAddress','127.0.0.1'),(190,'sessionId','CE06586F4372B9A64FC57E9AAE02E5DB'),(191,'remoteAddress','127.0.0.1'),(191,'sessionId','CE06586F4372B9A64FC57E9AAE02E5DB'),(192,'remoteAddress','127.0.0.1'),(192,'sessionId','CE06586F4372B9A64FC57E9AAE02E5DB'),(193,'message','Access is denied'),(193,'type','org.springframework.security.access.AccessDeniedException'),(194,'message','Access is denied'),(194,'type','org.springframework.security.access.AccessDeniedException'),(195,'message','Access is denied'),(195,'type','org.springframework.security.access.AccessDeniedException'),(196,'message','Access is denied'),(196,'type','org.springframework.security.access.AccessDeniedException'),(197,'remoteAddress','127.0.0.1'),(197,'sessionId','489AE5DFD196E6F49CA02B1E83DAA87A'),(198,'remoteAddress','127.0.0.1'),(198,'sessionId','489AE5DFD196E6F49CA02B1E83DAA87A'),(199,'remoteAddress','127.0.0.1'),(199,'sessionId','489AE5DFD196E6F49CA02B1E83DAA87A'),(200,'message','Access is denied'),(200,'type','org.springframework.security.access.AccessDeniedException'),(201,'remoteAddress','127.0.0.1'),(201,'sessionId','1D9B612F21CC27DDC440ADFC55498354'),(202,'remoteAddress','127.0.0.1'),(202,'sessionId','1D9B612F21CC27DDC440ADFC55498354'),(203,'remoteAddress','127.0.0.1'),(203,'sessionId','1D9B612F21CC27DDC440ADFC55498354'),(204,'remoteAddress','127.0.0.1'),(204,'sessionId','746F4AB37F3851DA03DAC8CA72D768D8'),(205,'message','Access is denied'),(205,'type','org.springframework.security.access.AccessDeniedException'),(206,'remoteAddress','127.0.0.1'),(206,'sessionId','D5FAD342448BC015AD7EC4213BFE0AA4'),(207,'remoteAddress','127.0.0.1'),(207,'sessionId','D5FAD342448BC015AD7EC4213BFE0AA4'),(208,'remoteAddress','127.0.0.1'),(208,'sessionId','D5FAD342448BC015AD7EC4213BFE0AA4'),(209,'remoteAddress','127.0.0.1'),(209,'sessionId','D5D1BDBDA9D2B03FBD11377FC7918532'),(210,'message','Access is denied'),(210,'type','org.springframework.security.access.AccessDeniedException'),(211,'remoteAddress','127.0.0.1'),(211,'sessionId','27308E582C7136D05E851E0CBA14A705'),(212,'remoteAddress','127.0.0.1'),(212,'sessionId','27308E582C7136D05E851E0CBA14A705'),(213,'remoteAddress','127.0.0.1'),(213,'sessionId','27308E582C7136D05E851E0CBA14A705'),(214,'remoteAddress','127.0.0.1'),(214,'sessionId','68F34E1CCBEB71C296D4E05470E723CC'),(215,'message','Access is denied'),(215,'type','org.springframework.security.access.AccessDeniedException'),(216,'remoteAddress','127.0.0.1'),(216,'sessionId','27E04BBA6F580E2FFB60CA9B98398E9A'),(217,'remoteAddress','127.0.0.1'),(217,'sessionId','27E04BBA6F580E2FFB60CA9B98398E9A'),(218,'remoteAddress','127.0.0.1'),(218,'sessionId','27E04BBA6F580E2FFB60CA9B98398E9A'),(219,'remoteAddress','127.0.0.1'),(219,'sessionId','3532A1A64EE9FF392ED0C3DEFD031110'),(220,'remoteAddress','127.0.0.1'),(220,'sessionId','B4F82B0B4C3B91A5AD097E8488D8600C'),(221,'remoteAddress','127.0.0.1'),(221,'sessionId','05D333B6A5AC0C51BCF8090E50E0D4BE'),(222,'message','Access is denied'),(222,'type','org.springframework.security.access.AccessDeniedException'),(223,'remoteAddress','127.0.0.1'),(223,'sessionId','D1591807CB2096C8B5A43E8B55979005'),(224,'remoteAddress','127.0.0.1'),(224,'sessionId','D1591807CB2096C8B5A43E8B55979005'),(225,'remoteAddress','127.0.0.1'),(225,'sessionId','D1591807CB2096C8B5A43E8B55979005'),(226,'message','Access is denied'),(226,'type','org.springframework.security.access.AccessDeniedException'),(227,'remoteAddress','127.0.0.1'),(227,'sessionId','A937FBB095776A3E0631DD26E8FE543E'),(228,'remoteAddress','127.0.0.1'),(228,'sessionId','A937FBB095776A3E0631DD26E8FE543E'),(229,'remoteAddress','127.0.0.1'),(229,'sessionId','A937FBB095776A3E0631DD26E8FE543E'),(230,'message','Access is denied'),(230,'type','org.springframework.security.access.AccessDeniedException'),(231,'message','Bad credentials'),(231,'type','org.springframework.security.authentication.BadCredentialsException'),(232,'message','Access is denied'),(232,'type','org.springframework.security.access.AccessDeniedException'),(233,'message','Bad credentials'),(233,'type','org.springframework.security.authentication.BadCredentialsException'),(234,'message','Access is denied'),(234,'type','org.springframework.security.access.AccessDeniedException'),(235,'message','Access is denied'),(235,'type','org.springframework.security.access.AccessDeniedException'),(236,'message','Bad credentials'),(236,'type','org.springframework.security.authentication.BadCredentialsException'),(237,'message','Access is denied'),(237,'type','org.springframework.security.access.AccessDeniedException'),(238,'message','Bad credentials'),(238,'type','org.springframework.security.authentication.BadCredentialsException'),(239,'message','Access is denied'),(239,'type','org.springframework.security.access.AccessDeniedException'),(240,'remoteAddress','127.0.0.1'),(240,'sessionId','45A69562E6205B3D7F62FB7DAB4A33DF'),(241,'remoteAddress','127.0.0.1'),(241,'sessionId','45A69562E6205B3D7F62FB7DAB4A33DF'),(242,'remoteAddress','127.0.0.1'),(242,'sessionId','45A69562E6205B3D7F62FB7DAB4A33DF'),(243,'remoteAddress','127.0.0.1'),(243,'sessionId','D806330832E3E64EA42A367486257CC6'),(244,'remoteAddress','127.0.0.1'),(244,'sessionId','CB646D0A3D9B066A6E9E16C95F8DF216'),(245,'remoteAddress','127.0.0.1'),(245,'sessionId','7F0A76BFE08145CCFA4FA9A164131D5D'),(246,'remoteAddress','127.0.0.1'),(246,'sessionId','8F5A1F21189430CB5A134B869C921D37'),(247,'remoteAddress','127.0.0.1'),(247,'sessionId','9F6070808F2087CEF6B755798F303FB1'),(248,'remoteAddress','127.0.0.1'),(248,'sessionId','A8C9232EFAE064C2A246DC8BF0C8D25D'),(249,'remoteAddress','127.0.0.1'),(249,'sessionId','5B6B9C43776BF81063DC42D102FE31B9'),(250,'remoteAddress','127.0.0.1'),(250,'sessionId','08FC71C9855012F23BE5D6C3E662E6CA'),(251,'remoteAddress','127.0.0.1'),(251,'sessionId','D2E7436B5736E312710917CBB2BCD18E'),(252,'remoteAddress','127.0.0.1'),(252,'sessionId','7F476196CDC457707F3DA695285FF526'),(253,'message','Access is denied'),(253,'type','org.springframework.security.access.AccessDeniedException'),(254,'remoteAddress','127.0.0.1'),(254,'sessionId','B502D74DD0A5D2D5451CDCF04005D821'),(255,'remoteAddress','127.0.0.1'),(255,'sessionId','B502D74DD0A5D2D5451CDCF04005D821'),(256,'remoteAddress','127.0.0.1'),(256,'sessionId','B502D74DD0A5D2D5451CDCF04005D821'),(257,'message','Access is denied'),(257,'type','org.springframework.security.access.AccessDeniedException'),(258,'remoteAddress','127.0.0.1'),(258,'sessionId','541949590AE1780A1CC405936AD6F60B'),(259,'remoteAddress','127.0.0.1'),(259,'sessionId','541949590AE1780A1CC405936AD6F60B'),(260,'remoteAddress','127.0.0.1'),(260,'sessionId','541949590AE1780A1CC405936AD6F60B'),(261,'message','Access is denied'),(261,'type','org.springframework.security.access.AccessDeniedException'),(262,'remoteAddress','127.0.0.1'),(262,'sessionId','CD7A4D7350235173909C0351FFC7FD38'),(263,'remoteAddress','127.0.0.1'),(263,'sessionId','CD7A4D7350235173909C0351FFC7FD38'),(264,'remoteAddress','127.0.0.1'),(264,'sessionId','CD7A4D7350235173909C0351FFC7FD38'),(265,'message','Access is denied'),(265,'type','org.springframework.security.access.AccessDeniedException'),(266,'message','Access is denied'),(266,'type','org.springframework.security.access.AccessDeniedException'),(267,'remoteAddress','127.0.0.1'),(267,'sessionId','42B81CCC7408A56F6EAA5B18255CD71B'),(268,'remoteAddress','127.0.0.1'),(268,'sessionId','42B81CCC7408A56F6EAA5B18255CD71B'),(269,'remoteAddress','127.0.0.1'),(269,'sessionId','42B81CCC7408A56F6EAA5B18255CD71B'),(270,'message','Access is denied'),(270,'type','org.springframework.security.access.AccessDeniedException'),(271,'remoteAddress','127.0.0.1'),(271,'sessionId','313CDECA0B667F2572A14108A4F5FB3D'),(272,'remoteAddress','127.0.0.1'),(272,'sessionId','313CDECA0B667F2572A14108A4F5FB3D'),(273,'remoteAddress','127.0.0.1'),(273,'sessionId','313CDECA0B667F2572A14108A4F5FB3D'),(274,'message','Access is denied'),(274,'type','org.springframework.security.access.AccessDeniedException'),(275,'remoteAddress','127.0.0.1'),(275,'sessionId','51B70F6FCFBF65879CDFAF61C134E7AB'),(276,'remoteAddress','127.0.0.1'),(276,'sessionId','51B70F6FCFBF65879CDFAF61C134E7AB'),(277,'remoteAddress','127.0.0.1'),(277,'sessionId','51B70F6FCFBF65879CDFAF61C134E7AB'),(278,'message','Access is denied'),(278,'type','org.springframework.security.access.AccessDeniedException'),(279,'message','Access is denied'),(279,'type','org.springframework.security.access.AccessDeniedException'),(280,'message','Access is denied'),(280,'type','org.springframework.security.access.AccessDeniedException'),(281,'remoteAddress','127.0.0.1'),(281,'sessionId','0D9F0A345601691846F1437ABFB7EBB3'),(282,'remoteAddress','127.0.0.1'),(282,'sessionId','0D9F0A345601691846F1437ABFB7EBB3'),(283,'remoteAddress','127.0.0.1'),(283,'sessionId','0D9F0A345601691846F1437ABFB7EBB3'),(284,'message','Access is denied'),(284,'type','org.springframework.security.access.AccessDeniedException'),(285,'message','Access is denied'),(285,'type','org.springframework.security.access.AccessDeniedException'),(286,'remoteAddress','127.0.0.1'),(286,'sessionId','AD0F52C55E8E4FB7DE6D82B97D769A3A'),(287,'remoteAddress','127.0.0.1'),(287,'sessionId','AD0F52C55E8E4FB7DE6D82B97D769A3A'),(288,'remoteAddress','127.0.0.1'),(288,'sessionId','AD0F52C55E8E4FB7DE6D82B97D769A3A'),(289,'message','Access is denied'),(289,'type','org.springframework.security.access.AccessDeniedException'),(290,'remoteAddress','127.0.0.1'),(290,'sessionId','E9AF37B45773AFD69BD70580606CED11'),(291,'remoteAddress','127.0.0.1'),(291,'sessionId','E9AF37B45773AFD69BD70580606CED11'),(292,'remoteAddress','127.0.0.1'),(292,'sessionId','E9AF37B45773AFD69BD70580606CED11'),(293,'message','Bad credentials'),(293,'type','org.springframework.security.authentication.BadCredentialsException'),(294,'message','Access is denied'),(294,'type','org.springframework.security.access.AccessDeniedException'),(295,'message','Access is denied'),(295,'type','org.springframework.security.access.AccessDeniedException'),(296,'message','Access is denied'),(296,'type','org.springframework.security.access.AccessDeniedException'),(297,'message','Access is denied'),(297,'type','org.springframework.security.access.AccessDeniedException'),(298,'remoteAddress','127.0.0.1'),(298,'sessionId','731C67C29499F6D16EBD2A741CD6392E'),(299,'remoteAddress','127.0.0.1'),(299,'sessionId','731C67C29499F6D16EBD2A741CD6392E'),(300,'message','Bad credentials'),(300,'type','org.springframework.security.authentication.BadCredentialsException'),(301,'remoteAddress','127.0.0.1'),(301,'sessionId','731C67C29499F6D16EBD2A741CD6392E'),(302,'message','Access is denied'),(302,'type','org.springframework.security.access.AccessDeniedException'),(303,'remoteAddress','127.0.0.1'),(303,'sessionId','4AE2A2DE835AF03DCDC21526C90E35DC'),(304,'remoteAddress','127.0.0.1'),(304,'sessionId','4AE2A2DE835AF03DCDC21526C90E35DC'),(305,'remoteAddress','127.0.0.1'),(305,'sessionId','4AE2A2DE835AF03DCDC21526C90E35DC'),(306,'message','Bad credentials'),(306,'type','org.springframework.security.authentication.BadCredentialsException'),(307,'message','Access is denied'),(307,'type','org.springframework.security.access.AccessDeniedException'),(308,'message','Access is denied'),(308,'type','org.springframework.security.access.AccessDeniedException'),(309,'message','Bad credentials'),(309,'type','org.springframework.security.authentication.BadCredentialsException'),(310,'message','Access is denied'),(310,'type','org.springframework.security.access.AccessDeniedException'),(311,'message','Bad credentials'),(311,'type','org.springframework.security.authentication.BadCredentialsException'),(312,'message','Access is denied'),(312,'type','org.springframework.security.access.AccessDeniedException'),(313,'remoteAddress','127.0.0.1'),(313,'sessionId','B33F06F97F2CF8951B55BDF2E8B328D6'),(314,'remoteAddress','127.0.0.1'),(314,'sessionId','B33F06F97F2CF8951B55BDF2E8B328D6'),(315,'remoteAddress','127.0.0.1'),(315,'sessionId','B33F06F97F2CF8951B55BDF2E8B328D6'),(316,'message','Bad credentials'),(316,'type','org.springframework.security.authentication.BadCredentialsException'),(317,'message','Access is denied'),(317,'type','org.springframework.security.access.AccessDeniedException'),(318,'message','Access is denied'),(318,'type','org.springframework.security.access.AccessDeniedException'),(319,'message','Access is denied'),(319,'type','org.springframework.security.access.AccessDeniedException'),(320,'remoteAddress','127.0.0.1'),(320,'sessionId','844C7593978586D0767F128C616BE7AB'),(321,'remoteAddress','127.0.0.1'),(321,'sessionId','844C7593978586D0767F128C616BE7AB'),(322,'remoteAddress','127.0.0.1'),(322,'sessionId','844C7593978586D0767F128C616BE7AB'),(323,'message','Bad credentials'),(323,'type','org.springframework.security.authentication.BadCredentialsException'),(324,'message','Access is denied'),(324,'type','org.springframework.security.access.AccessDeniedException'),(325,'message','Access is denied'),(325,'type','org.springframework.security.access.AccessDeniedException'),(326,'message','Access is denied'),(326,'type','org.springframework.security.access.AccessDeniedException'),(327,'message','Bad credentials'),(327,'type','org.springframework.security.authentication.BadCredentialsException'),(328,'message','Access is denied'),(328,'type','org.springframework.security.access.AccessDeniedException'),(329,'message','Access is denied'),(329,'type','org.springframework.security.access.AccessDeniedException'),(330,'remoteAddress','127.0.0.1'),(330,'sessionId','9C048E056068E5490F4428DA443F8719'),(331,'remoteAddress','127.0.0.1'),(331,'sessionId','9C048E056068E5490F4428DA443F8719'),(332,'remoteAddress','127.0.0.1'),(332,'sessionId','9C048E056068E5490F4428DA443F8719'),(333,'message','Access is denied'),(333,'type','org.springframework.security.access.AccessDeniedException'),(334,'message','Access is denied'),(334,'type','org.springframework.security.access.AccessDeniedException'),(335,'message','Access is denied'),(335,'type','org.springframework.security.access.AccessDeniedException'),(336,'message','Access is denied'),(336,'type','org.springframework.security.access.AccessDeniedException'),(337,'message','Access is denied'),(337,'type','org.springframework.security.access.AccessDeniedException'),(338,'remoteAddress','127.0.0.1'),(338,'sessionId','BB8056A8B2D46560EBD74A90854C8CC5'),(339,'remoteAddress','127.0.0.1'),(339,'sessionId','BB8056A8B2D46560EBD74A90854C8CC5'),(340,'remoteAddress','127.0.0.1'),(340,'sessionId','BB8056A8B2D46560EBD74A90854C8CC5'),(341,'message','Bad credentials'),(341,'type','org.springframework.security.authentication.BadCredentialsException'),(342,'message','Access is denied'),(342,'type','org.springframework.security.access.AccessDeniedException'),(343,'message','Access is denied'),(343,'type','org.springframework.security.access.AccessDeniedException'),(344,'message','Access is denied'),(344,'type','org.springframework.security.access.AccessDeniedException'),(345,'remoteAddress','127.0.0.1'),(345,'sessionId','6690A25DE1E14771751271AA336D6061'),(346,'remoteAddress','127.0.0.1'),(346,'sessionId','6690A25DE1E14771751271AA336D6061'),(347,'remoteAddress','127.0.0.1'),(347,'sessionId','6690A25DE1E14771751271AA336D6061'),(348,'message','Bad credentials'),(348,'type','org.springframework.security.authentication.BadCredentialsException'),(349,'message','Access is denied'),(349,'type','org.springframework.security.access.AccessDeniedException'),(350,'message','Access is denied'),(350,'type','org.springframework.security.access.AccessDeniedException'),(351,'remoteAddress','127.0.0.1'),(351,'sessionId','E8000C709D9333B61B7A9BF025098421'),(352,'remoteAddress','127.0.0.1'),(352,'sessionId','E8000C709D9333B61B7A9BF025098421'),(353,'remoteAddress','127.0.0.1'),(353,'sessionId','E8000C709D9333B61B7A9BF025098421'),(354,'message','Bad credentials'),(354,'type','org.springframework.security.authentication.BadCredentialsException'),(355,'message','Access is denied'),(355,'type','org.springframework.security.access.AccessDeniedException'),(356,'message','Access is denied'),(356,'type','org.springframework.security.access.AccessDeniedException'),(357,'message','Access is denied'),(357,'type','org.springframework.security.access.AccessDeniedException'),(358,'remoteAddress','127.0.0.1'),(358,'sessionId','85F6971B2D281728AC5EFDC054F1C72A'),(359,'remoteAddress','127.0.0.1'),(359,'sessionId','85F6971B2D281728AC5EFDC054F1C72A'),(360,'remoteAddress','127.0.0.1'),(360,'sessionId','85F6971B2D281728AC5EFDC054F1C72A');
/*!40000 ALTER TABLE `JHI_PERSISTENT_AUDIT_EVT_DATA` ENABLE KEYS */;
UNLOCK TABLES;

--
-- Table structure for table `JHI_PERSISTENT_TOKEN`
--

DROP TABLE IF EXISTS `JHI_PERSISTENT_TOKEN`;
/*!40101 SET @saved_cs_client     = @@character_set_client */;
/*!40101 SET character_set_client = utf8 */;
CREATE TABLE `JHI_PERSISTENT_TOKEN` (
  `series` varchar(255) NOT NULL,
  `user_id` bigint(20) DEFAULT NULL,
  `token_value` varchar(255) NOT NULL,
  `token_date` date DEFAULT NULL,
  `ip_address` varchar(39) DEFAULT NULL,
  `user_agent` varchar(255) DEFAULT NULL,
  PRIMARY KEY (`series`),
  KEY `fk_user_persistent_token` (`user_id`),
  CONSTRAINT `fk_user_persistent_token` FOREIGN KEY (`user_id`) REFERENCES `JHI_USER` (`id`)
) ENGINE=InnoDB DEFAULT CHARSET=latin1;
/*!40101 SET character_set_client = @saved_cs_client */;

--
-- Dumping data for table `JHI_PERSISTENT_TOKEN`
--

LOCK TABLES `JHI_PERSISTENT_TOKEN` WRITE;
/*!40000 ALTER TABLE `JHI_PERSISTENT_TOKEN` DISABLE KEYS */;
INSERT INTO `JHI_PERSISTENT_TOKEN` VALUES ('0uy/yfjibt927xJPt+//vQ==',3,'g2rcXlGxxK0xJBYlCubsOg==','2015-10-08','127.0.0.1','Mozilla/5.0 (Macintosh; Intel Mac OS X 10_11_0) AppleWebKit/537.36 (KHTML, like Gecko) Chrome/45.0.2454.101 Safari/537.36'),('CW9UZQkhtyOWgZMVTs0piA==',3,'IMQrMKSzM+TQyWIHYzFy+g==','2015-10-08','127.0.0.1','Mozilla/5.0 (Macintosh; Intel Mac OS X 10_11_0) AppleWebKit/537.36 (KHTML, like Gecko) Chrome/45.0.2454.101 Safari/537.36'),('czY/Ggr5uOyAbSsBJ21/og==',5,'JlCBA7cRQjj30khsAqgLGQ==','2015-09-09','127.0.0.1','Mozilla/5.0 (Macintosh; Intel Mac OS X 10_9_5) AppleWebKit/537.36 (KHTML, like Gecko) Chrome/45.0.2454.85 Safari/537.36'),('KCK0OgrsVCEa2brTBjH5HA==',3,'mNdpqPgijWxknj3Jjzd6jA==','2015-10-08','127.0.0.1','Mozilla/5.0 (Macintosh; Intel Mac OS X 10_11_0) AppleWebKit/537.36 (KHTML, like Gecko) Chrome/45.0.2454.101 Safari/537.36'),('phqdbcFlsnzGChIpRA6aYw==',5,'QRomFkyYzj7VsRXxi4F4tA==','2015-09-17','127.0.0.1','Mozilla/5.0 (Macintosh; Intel Mac OS X 10_9_5) AppleWebKit/537.36 (KHTML, like Gecko) Chrome/45.0.2454.85 Safari/537.36'),('Qcoo8C5TLTWxxTbl7BoIfg==',3,'lYd/eYlryaVudsmaaNCuuQ==','2015-10-08','127.0.0.1','Mozilla/5.0 (Macintosh; Intel Mac OS X 10_11_0) AppleWebKit/537.36 (KHTML, like Gecko) Chrome/45.0.2454.101 Safari/537.36'),('rHNlQwp7tEOKQun5rzTxtA==',3,'88vXfDumVxqnuH8TKwootw==','2015-10-08','127.0.0.1','Mozilla/5.0 (Macintosh; Intel Mac OS X 10_11_0) AppleWebKit/537.36 (KHTML, like Gecko) Chrome/45.0.2454.101 Safari/537.36'),('SRcbRfam/4hV5Pshfo0sgQ==',3,'vyKOhLcxdqdtYgsu4D+Hsg==','2015-10-08','127.0.0.1','Mozilla/5.0 (Macintosh; Intel Mac OS X 10_11_0) AppleWebKit/537.36 (KHTML, like Gecko) Chrome/45.0.2454.101 Safari/537.36'),('TrrEY54mxJ5M6hHGamdMlA==',3,'JxHaWkFyfogXsT9ARjRYFA==','2015-10-08','127.0.0.1','Mozilla/5.0 (Macintosh; Intel Mac OS X 10_11_0) AppleWebKit/537.36 (KHTML, like Gecko) Chrome/45.0.2454.101 Safari/537.36'),('zrWCeJUnAEHOsSXhakZ7kA==',5,'ZeqtIadVd9SYgQsncUlD+g==','2015-10-08','127.0.0.1','Mozilla/5.0 (Macintosh; Intel Mac OS X 10_11_0) AppleWebKit/537.36 (KHTML, like Gecko) Chrome/45.0.2454.101 Safari/537.36');
/*!40000 ALTER TABLE `JHI_PERSISTENT_TOKEN` ENABLE KEYS */;
UNLOCK TABLES;

--
-- Table structure for table `JHI_USER`
--

DROP TABLE IF EXISTS `JHI_USER`;
/*!40101 SET @saved_cs_client     = @@character_set_client */;
/*!40101 SET character_set_client = utf8 */;
CREATE TABLE `JHI_USER` (
  `id` bigint(20) NOT NULL AUTO_INCREMENT,
  `login` varchar(50) NOT NULL,
  `PASSWORD` varchar(60) DEFAULT NULL,
  `first_name` varchar(50) DEFAULT NULL,
  `last_name` varchar(50) DEFAULT NULL,
  `email` varchar(100) DEFAULT NULL,
  `activated` bit(1) NOT NULL,
  `lang_key` varchar(5) DEFAULT NULL,
  `activation_key` varchar(20) DEFAULT NULL,
  `reset_key` varchar(20) DEFAULT NULL,
  `created_by` varchar(50) NOT NULL,
  `created_date` timestamp NOT NULL,
  `reset_date` timestamp NULL DEFAULT NULL,
  `last_modified_by` varchar(50) DEFAULT NULL,
  `last_modified_date` timestamp NULL DEFAULT NULL,
  PRIMARY KEY (`id`),
  UNIQUE KEY `login` (`login`),
  UNIQUE KEY `idx_user_login` (`login`),
  UNIQUE KEY `email` (`email`),
  UNIQUE KEY `idx_user_email` (`email`)
) ENGINE=InnoDB AUTO_INCREMENT=7 DEFAULT CHARSET=latin1;
/*!40101 SET character_set_client = @saved_cs_client */;

--
-- Dumping data for table `JHI_USER`
--

LOCK TABLES `JHI_USER` WRITE;
/*!40000 ALTER TABLE `JHI_USER` DISABLE KEYS */;
INSERT INTO `JHI_USER` VALUES (1,'system','$2a$10$mE.qmcV0mFU5NcKh73TZx.z4ueI/.bDWbj0T1BYyqP481kGGarKLG','System','System','system@localhost','','en',NULL,NULL,'system','2015-09-08 14:30:12',NULL,NULL,NULL),(2,'anonymousUser','$2a$10$j8S5d7Sr7.8VTOYNviDPOeWX8KcYILUVJBsYV83Y5NtECayypx9lO','Anonymous','User','anonymous@localhost','','en',NULL,NULL,'system','2015-09-08 14:30:12',NULL,NULL,NULL),(3,'admin','$2a$10$gSAhZrxMllrbgj/kkK9UceBPpChGWJA7SYIb1Mqo.n5aNLq1/oRrC','Administrator','Administrator','admin@localhost','','en',NULL,NULL,'system','2015-09-08 14:30:12',NULL,NULL,NULL),(4,'user','$2a$10$VEjxo0jq2YG9Rbk2HmX9S.k1uZBGYUHdUcid3g/vfiEl7lwWgOH/K','User','User','user@localhost','','en',NULL,NULL,'system','2015-09-08 14:30:12',NULL,NULL,NULL),(5,'mohamed','$2a$10$9A3xkXgJERtasIMUzts18eVOa4NyV63OFZWXyaXG6c599884V5TWW','mohamed','hosni','med@localhost','','en',NULL,NULL,'anonymousUser','2015-09-08 17:29:18',NULL,'mohamed','2015-09-08 17:32:30'),(6,'nacer','$2a$10$8EpEtLxFw/f6.yEZI7CoHOlzDsyK4ek7CT8v0pIbeB6iKAsVmRxgu',NULL,NULL,'nacer@localhost','','en',NULL,NULL,'anonymousUser','2015-09-09 15:47:26',NULL,'anonymousUser','2015-09-09 15:48:36');
/*!40000 ALTER TABLE `JHI_USER` ENABLE KEYS */;
UNLOCK TABLES;

--
-- Table structure for table `JHI_USER_AUTHORITY`
--

DROP TABLE IF EXISTS `JHI_USER_AUTHORITY`;
/*!40101 SET @saved_cs_client     = @@character_set_client */;
/*!40101 SET character_set_client = utf8 */;
CREATE TABLE `JHI_USER_AUTHORITY` (
  `user_id` bigint(20) NOT NULL,
  `authority_name` varchar(50) NOT NULL,
  PRIMARY KEY (`user_id`,`authority_name`),
  KEY `fk_authority_name` (`authority_name`),
  CONSTRAINT `fk_authority_name` FOREIGN KEY (`authority_name`) REFERENCES `JHI_AUTHORITY` (`name`),
  CONSTRAINT `fk_user_id` FOREIGN KEY (`user_id`) REFERENCES `JHI_USER` (`id`)
) ENGINE=InnoDB DEFAULT CHARSET=latin1;
/*!40101 SET character_set_client = @saved_cs_client */;

--
-- Dumping data for table `JHI_USER_AUTHORITY`
--

LOCK TABLES `JHI_USER_AUTHORITY` WRITE;
/*!40000 ALTER TABLE `JHI_USER_AUTHORITY` DISABLE KEYS */;
INSERT INTO `JHI_USER_AUTHORITY` VALUES (1,'ROLE_ADMIN'),(3,'ROLE_ADMIN'),(1,'ROLE_USER'),(3,'ROLE_USER'),(4,'ROLE_USER'),(5,'ROLE_USER'),(6,'ROLE_USER');
/*!40000 ALTER TABLE `JHI_USER_AUTHORITY` ENABLE KEYS */;
UNLOCK TABLES;

--
-- Table structure for table `OIL`
--

DROP TABLE IF EXISTS `OIL`;
/*!40101 SET @saved_cs_client     = @@character_set_client */;
/*!40101 SET character_set_client = utf8 */;
CREATE TABLE `OIL` (
  `id` bigint(20) NOT NULL AUTO_INCREMENT,
  `sesame` double DEFAULT NULL,
  `safflower` double DEFAULT NULL,
  `radish` double DEFAULT NULL,
  `owner_id` bigint(20) DEFAULT NULL,
  PRIMARY KEY (`id`),
  KEY `fk_oil_owner_id` (`owner_id`),
  CONSTRAINT `fk_oil_owner_id` FOREIGN KEY (`owner_id`) REFERENCES `JHI_USER` (`id`)
) ENGINE=InnoDB AUTO_INCREMENT=3 DEFAULT CHARSET=latin1;
/*!40101 SET character_set_client = @saved_cs_client */;

--
-- Dumping data for table `OIL`
--

LOCK TABLES `OIL` WRITE;
/*!40000 ALTER TABLE `OIL` DISABLE KEYS */;
INSERT INTO `OIL` VALUES (2,50,70,40,5);
/*!40000 ALTER TABLE `OIL` ENABLE KEYS */;
UNLOCK TABLES;

--
-- Table structure for table `OLIVE`
--

DROP TABLE IF EXISTS `OLIVE`;
/*!40101 SET @saved_cs_client     = @@character_set_client */;
/*!40101 SET character_set_client = utf8 */;
CREATE TABLE `OLIVE` (
  `id` bigint(20) NOT NULL AUTO_INCREMENT,
  `olive_oil` double DEFAULT NULL,
  `owner_id` bigint(20) DEFAULT NULL,
  PRIMARY KEY (`id`),
  KEY `fk_olive_owner_id` (`owner_id`),
  CONSTRAINT `fk_olive_owner_id` FOREIGN KEY (`owner_id`) REFERENCES `JHI_USER` (`id`)
) ENGINE=InnoDB AUTO_INCREMENT=4 DEFAULT CHARSET=latin1;
/*!40101 SET character_set_client = @saved_cs_client */;

--
-- Dumping data for table `OLIVE`
--

LOCK TABLES `OLIVE` WRITE;
/*!40000 ALTER TABLE `OLIVE` DISABLE KEYS */;
INSERT INTO `OLIVE` VALUES (3,60,5);
/*!40000 ALTER TABLE `OLIVE` ENABLE KEYS */;
UNLOCK TABLES;

--
-- Table structure for table `USER_RESOURCE`
--

DROP TABLE IF EXISTS `USER_RESOURCE`;
/*!40101 SET @saved_cs_client     = @@character_set_client */;
/*!40101 SET character_set_client = utf8 */;
CREATE TABLE `USER_RESOURCE` (
  `id` bigint(20) NOT NULL AUTO_INCREMENT,
  `date_added` date DEFAULT NULL,
  `total_resource` double DEFAULT NULL,
  `owner_id` bigint(20) DEFAULT NULL,
  `fruit_id` bigint(20) DEFAULT NULL,
  `oil_id` bigint(20) DEFAULT NULL,
  `olive_id` bigint(20) DEFAULT NULL,
  `graintype1_id` bigint(20) DEFAULT NULL,
  `graintype2_id` bigint(20) DEFAULT NULL,
  `graintype3_id` bigint(20) DEFAULT NULL,
  PRIMARY KEY (`id`),
  KEY `fk_user_resource_owner_id` (`owner_id`),
  KEY `fk_user_resource_fruit_id` (`fruit_id`),
  KEY `fk_user_resource_oil_id` (`oil_id`),
  KEY `fk_user_resource_olive_id` (`olive_id`),
  KEY `fk_user_resource_graintype1_id` (`graintype1_id`),
  KEY `fk_user_resource_graintype2_id` (`graintype2_id`),
  KEY `fk_user_resource_graintype3_id` (`graintype3_id`),
  CONSTRAINT `fk_user_resource_fruit_id` FOREIGN KEY (`fruit_id`) REFERENCES `FRUIT` (`id`),
  CONSTRAINT `fk_user_resource_graintype1_id` FOREIGN KEY (`graintype1_id`) REFERENCES `GRAINTYPE1` (`id`),
  CONSTRAINT `fk_user_resource_graintype2_id` FOREIGN KEY (`graintype2_id`) REFERENCES `GRAINTYPE2` (`id`),
  CONSTRAINT `fk_user_resource_graintype3_id` FOREIGN KEY (`graintype3_id`) REFERENCES `GRAINTYPE3` (`id`),
  CONSTRAINT `fk_user_resource_oil_id` FOREIGN KEY (`oil_id`) REFERENCES `OIL` (`id`),
  CONSTRAINT `fk_user_resource_olive_id` FOREIGN KEY (`olive_id`) REFERENCES `OLIVE` (`id`),
  CONSTRAINT `fk_user_resource_owner_id` FOREIGN KEY (`owner_id`) REFERENCES `JHI_USER` (`id`)
) ENGINE=InnoDB AUTO_INCREMENT=4 DEFAULT CHARSET=latin1;
/*!40101 SET character_set_client = @saved_cs_client */;

--
-- Dumping data for table `USER_RESOURCE`
--

LOCK TABLES `USER_RESOURCE` WRITE;
/*!40000 ALTER TABLE `USER_RESOURCE` DISABLE KEYS */;
INSERT INTO `USER_RESOURCE` VALUES (3,'2015-09-19',16320,5,25,NULL,NULL,NULL,NULL,NULL);
/*!40000 ALTER TABLE `USER_RESOURCE` ENABLE KEYS */;
UNLOCK TABLES;
/*!40103 SET TIME_ZONE=@OLD_TIME_ZONE */;

/*!40101 SET SQL_MODE=@OLD_SQL_MODE */;
/*!40014 SET FOREIGN_KEY_CHECKS=@OLD_FOREIGN_KEY_CHECKS */;
/*!40014 SET UNIQUE_CHECKS=@OLD_UNIQUE_CHECKS */;
/*!40101 SET CHARACTER_SET_CLIENT=@OLD_CHARACTER_SET_CLIENT */;
/*!40101 SET CHARACTER_SET_RESULTS=@OLD_CHARACTER_SET_RESULTS */;
/*!40101 SET COLLATION_CONNECTION=@OLD_COLLATION_CONNECTION */;
/*!40111 SET SQL_NOTES=@OLD_SQL_NOTES */;

-- Dump completed on 2015-12-18 20:31:23
